path,label,pca_feature_1,pca_feature_2,pca_feature_3,pca_feature_4,pca_feature_5,pca_feature_6,pca_feature_7,pca_feature_8,pca_feature_9,pca_feature_10,pca_feature_11,pca_feature_12,pca_feature_13,pca_feature_14,pca_feature_15,pca_feature_16,pca_feature_17,pca_feature_18,pca_feature_19,pca_feature_20,pca_feature_21,pca_feature_22,pca_feature_23,pca_feature_24,pca_feature_25,pca_feature_26,pca_feature_27,pca_feature_28,pca_feature_29,pca_feature_30,pca_feature_31,pca_feature_32,pca_feature_33,pca_feature_34,pca_feature_35,pca_feature_36,pca_feature_37,pca_feature_38,pca_feature_39,pca_feature_40,pca_feature_41,pca_feature_42,pca_feature_43,pca_feature_44,pca_feature_45,pca_feature_46,pca_feature_47,pca_feature_48,pca_feature_49,pca_feature_50,pca_feature_51,pca_feature_52,pca_feature_53,pca_feature_54,pca_feature_55,pca_feature_56,pca_feature_57,pca_feature_58,pca_feature_59,pca_feature_60,pca_feature_61,pca_feature_62,pca_feature_63,pca_feature_64,pca_feature_65,pca_feature_66,pca_feature_67,pca_feature_68,pca_feature_69,pca_feature_70,pca_feature_71,pca_feature_72,pca_feature_73,pca_feature_74,pca_feature_75,pca_feature_76,pca_feature_77,pca_feature_78,pca_feature_79,pca_feature_80,pca_feature_81,pca_feature_82,pca_feature_83,pca_feature_84,pca_feature_85,pca_feature_86,pca_feature_87,pca_feature_88,pca_feature_89,pca_feature_90,pca_feature_91,pca_feature_92,pca_feature_93,pca_feature_94,pca_feature_95,pca_feature_96,pca_feature_97,pca_feature_98,pca_feature_99,pca_feature_100,pca_feature_101,pca_feature_102,pca_feature_103,pca_feature_104,pca_feature_105,pca_feature_106,pca_feature_107,pca_feature_108,pca_feature_109,pca_feature_110,pca_feature_111,pca_feature_112,pca_feature_113,pca_feature_114,pca_feature_115,pca_feature_116,pca_feature_117,pca_feature_118,pca_feature_119,pca_feature_120,pca_feature_121,pca_feature_122,pca_feature_123,pca_feature_124,pca_feature_125,pca_feature_126,pca_feature_127,pca_feature_128,pca_feature_129,pca_feature_130,pca_feature_131,pca_feature_132,pca_feature_133,pca_feature_134,pca_feature_135,pca_feature_136,pca_feature_137,pca_feature_138
s3://p8ocrbucket/img_cloud/Pineapple/3_100.jpg,Pineapple,-15.52118,-0.59801316,6.799932,4.2468305,1.7519983,-1.8774632,4.5771575,0.44518754,-2.2659001,1.2462839,0.16774538,2.1453757,2.4471166,3.503275,2.5971286,1.3250495,-1.5074731,4.3846216,2.113483,1.262813,2.8302298,0.42649916,0.9109625,-1.1198686,-1.020184,-0.2577483,-1.5755103,0.5036045,-0.22976728,-1.8385978,-1.0829967,-1.8899488,-2.3156347,-1.6688462,1.0305569,0.89619994,1.1989597,1.6061144,-3.1161325,0.41607696,-1.301926,-0.8484908,0.32305118,-1.3119719,1.423611,-1.9110901,-0.14484076,1.7021298,-1.2599914,-0.3994496,0.6353847,-0.077648364,0.05739579,0.3625193,-0.054417808,-0.009349777,0.6384661,-0.8242767,0.12932816,0.3597735,-0.11809991,-0.25008404,-0.09103769,0.18284132,0.1908254,0.44295815,-0.13876659,0.0005972279,0.109383024,-0.2817524,-0.59151906,0.29103503,-0.06631943,0.18455936,-0.07168763,-0.41136512,-0.36880404,0.6046958,-0.36350495,0.20336975,1.0392153,-0.35145956,0.77857745,0.44369927,-0.5963879,0.5273086,-0.7015707,0.16361836,0.2254813,0.10027123,-0.22344261,-0.2129612,0.14555201,-0.24152845,-0.13734916,0.028633013,-0.088369265,-0.12522803,0.7287319,0.01322934,0.10348665,0.06945482,-0.60827816,-0.30453435,-0.46762985,0.18025291,0.15677035,-0.5640402,0.41389096,-0.15419097,0.5557508,0.18174665,-0.08569317,0.44761604,-0.13660204,-0.15200943,-0.7404435,-0.09541732,-0.66882855,-0.5332635,0.58646876,0.12168967,-0.40744466,0.122000374,-1.1820769,-0.29030305,-0.8706956,-0.31123593,-0.33969694,-0.17007114,1.0225084,-0.35094357,0.3450387,0.694026,0.17522548,-0.1188157,-0.90111923,-0.91435814
s3://p8ocrbucket/img_cloud/Beetroot/23_100.jpg,Beetroot,-8.39898,-6.4592957,-14.586261,17.436125,-0.014220711,3.0112672,10.701702,-1.2441217,-3.3865192,3.3566082,4.3509746,1.4542955,-0.6070541,0.6373318,3.7896686,2.0875049,0.34323865,1.8571011,-1.4738258,-4.861757,4.366879,1.2922195,2.6122308,-0.66258,-0.7448826,0.2623454,-1.5700016,3.6907482,0.30070192,1.5283298,1.3046265,0.07933698,-0.49377257,-1.9070036,0.90924793,1.9370104,2.330226,0.7100288,-1.9022392,0.32737112,-0.9341312,-0.8875292,0.7082408,-1.074855,1.8243669,-1.9036682,0.22473046,1.5009042,-1.0594631,-0.3994496,0.6353847,-0.077648364,0.05739579,0.3625193,-0.054417808,-0.009349777,0.6384661,-0.8242767,0.12932816,0.3597735,-0.11809991,-0.25008404,-0.09103769,0.18284132,0.1908254,0.44295815,-0.13876659,0.0005972279,0.109383024,-0.2817524,-0.59151906,0.29103503,-0.06631943,0.18455936,-0.07168763,-0.41136512,-0.36880404,0.6046958,-0.36350495,0.20336975,1.0392153,-0.35145956,0.77857745,0.44369927,-0.5963879,0.5273086,-0.7015707,0.16361836,0.2254813,0.10027123,-0.22344261,-0.2129612,0.14555201,-0.24152845,-0.13734916,0.028633013,-0.088369265,-0.12522803,0.7287319,0.01322934,0.10348665,0.06945482,-0.60827816,-0.30453435,-0.46762985,0.18025291,0.15677035,-0.5640402,0.41389096,-0.15419097,0.5557508,0.18174665,-0.08569317,0.44761604,-0.13660204,-0.15200943,-0.7404435,-0.09541732,-0.66882855,-0.5332635,0.58646876,0.12168967,-0.40744466,0.122000374,-1.1820769,-0.29030305,-0.8706956,-0.31123593,-0.33969694,-0.17007114,1.0225084,-0.35094357,0.3450387,0.694026,0.17522548,-0.1188157,-0.90111923,-0.91435814
s3://p8ocrbucket/img_cloud/Beetroot/r_143_100.jpg,Beetroot,-3.6282039,-2.5430546,-5.772936,9.642154,2.691512,0.36553165,-1.7304025,-3.1004925,-1.334502,-1.4242541,-4.352365,3.032934,-0.19032116,-1.3359237,-1.0831355,2.1610887,0.9075678,5.6450553,-1.9306495,2.4384131,3.870746,-4.36001,-1.6395887,1.5596293,-0.9742129,-1.1115451,-1.7372696,3.932636,-0.8072712,3.0283728,1.049074,0.60798424,-0.31887683,-1.9766326,0.62937295,1.4693596,2.9115026,1.1686008,-2.2328436,0.48832622,-1.461558,-0.8926794,0.7255932,-1.1180618,1.7494715,-2.0551057,-0.15174395,1.7175273,-1.095661,-0.3994496,0.6353847,-0.077648364,0.05739579,0.3625193,-0.054417808,-0.009349777,0.6384661,-0.8242767,0.12932816,0.3597735,-0.11809991,-0.25008404,-0.09103769,0.18284132,0.1908254,0.44295815,-0.13876659,0.0005972279,0.109383024,-0.2817524,-0.59151906,0.29103503,-0.06631943,0.18455936,-0.07168763,-0.41136512,-0.36880404,0.6046958,-0.36350495,0.20336975,1.0392153,-0.35145956,0.77857745,0.44369927,-0.5963879,0.5273086,-0.7015707,0.16361836,0.2254813,0.10027123,-0.22344261,-0.2129612,0.14555201,-0.24152845,-0.13734916,0.028633013,-0.088369265,-0.12522803,0.7287319,0.01322934,0.10348665,0.06945482,-0.60827816,-0.30453435,-0.46762985,0.18025291,0.15677035,-0.5640402,0.41389096,-0.15419097,0.5557508,0.18174665,-0.08569317,0.44761604,-0.13660204,-0.15200943,-0.7404435,-0.09541732,-0.66882855,-0.5332635,0.58646876,0.12168967,-0.40744466,0.122000374,-1.1820769,-0.29030305,-0.8706956,-0.31123593,-0.33969694,-0.17007114,1.0225084,-0.35094357,0.3450387,0.694026,0.17522548,-0.1188157,-0.90111923,-0.91435814
s3://p8ocrbucket/img_cloud/Apple Pink Lady/r_235_100.jpg,Apple Pink Lady,5.523719,0.119821616,-2.7703981,5.075175,1.6479377,-2.335028,3.5254266,0.3388046,2.4124644,-0.9492213,4.533363,3.2619116,-1.2677172,0.25060505,1.232425,4.000147,-0.04683478,3.3133411,2.0058472,1.4769565,1.3763351,2.419951,-0.31907585,-1.3511243,0.4292071,0.781521,-1.071509,1.5106465,-2.6118355,-0.4354282,3.6180825,3.3555937,-1.2091204,-4.1564064,1.610998,2.0971706,2.039606,0.17975958,-1.5941166,0.5783808,-1.9056956,-1.1271445,0.626611,-0.51363635,2.0339046,-1.988923,0.41542035,1.5553018,-1.1596359,-0.3994496,0.6353847,-0.077648364,0.05739579,0.3625193,-0.054417808,-0.009349777,0.6384661,-0.8242767,0.12932816,0.3597735,-0.11809991,-0.25008404,-0.09103769,0.18284132,0.1908254,0.44295815,-0.13876659,0.0005972279,0.109383024,-0.2817524,-0.59151906,0.29103503,-0.06631943,0.18455936,-0.07168763,-0.41136512,-0.36880404,0.6046958,-0.36350495,0.20336975,1.0392153,-0.35145956,0.77857745,0.44369927,-0.5963879,0.5273086,-0.7015707,0.16361836,0.2254813,0.10027123,-0.22344261,-0.2129612,0.14555201,-0.24152845,-0.13734916,0.028633013,-0.088369265,-0.12522803,0.7287319,0.01322934,0.10348665,0.06945482,-0.60827816,-0.30453435,-0.46762985,0.18025291,0.15677035,-0.5640402,0.41389096,-0.15419097,0.5557508,0.18174665,-0.08569317,0.44761604,-0.13660204,-0.15200943,-0.7404435,-0.09541732,-0.66882855,-0.5332635,0.58646876,0.12168967,-0.40744466,0.122000374,-1.1820769,-0.29030305,-0.8706956,-0.31123593,-0.33969694,-0.17007114,1.0225084,-0.35094357,0.3450387,0.694026,0.17522548,-0.1188157,-0.90111923,-0.91435814
s3://p8ocrbucket/img_cloud/Tomato 1/209_100.jpg,Tomato 1,5.285964,-13.96274,2.8833754,9.446474,-3.7664096,-0.55167264,-0.013538647,1.0540899,-2.7772417,2.8612728,1.8521113,2.0592172,0.5459204,-1.2416325,2.8465667,0.7238284,-2.8130665,3.0900352,-0.69435734,2.2086942,3.5936468,0.20253895,3.62052,-2.4422457,2.3025138,-1.1577555,-0.540768,1.8807005,-0.7874802,2.0438235,1.015471,-0.20057164,-1.7530758,-3.1164856,-1.3350477,2.3899925,2.7178473,0.6207732,-1.6574457,0.68931973,-1.3166418,1.3229043,0.5569867,-2.2573173,3.6705601,-2.2178206,0.0078060883,1.6251867,-1.0196624,-0.3994496,0.6353847,-0.077648364,0.05739579,0.3625193,-0.054417808,-0.009349777,0.6384661,-0.8242767,0.12932816,0.3597735,-0.11809991,-0.25008404,-0.09103769,0.18284132,0.1908254,0.44295815,-0.13876659,0.0005972279,0.109383024,-0.2817524,-0.59151906,0.29103503,-0.06631943,0.18455936,-0.07168763,-0.41136512,-0.36880404,0.6046958,-0.36350495,0.20336975,1.0392153,-0.35145956,0.77857745,0.44369927,-0.5963879,0.5273086,-0.7015707,0.16361836,0.2254813,0.10027123,-0.22344261,-0.2129612,0.14555201,-0.24152845,-0.13734916,0.028633013,-0.088369265,-0.12522803,0.7287319,0.01322934,0.10348665,0.06945482,-0.60827816,-0.30453435,-0.46762985,0.18025291,0.15677035,-0.5640402,0.41389096,-0.15419097,0.5557508,0.18174665,-0.08569317,0.44761604,-0.13660204,-0.15200943,-0.7404435,-0.09541732,-0.66882855,-0.5332635,0.58646876,0.12168967,-0.40744466,0.122000374,-1.1820769,-0.29030305,-0.8706956,-0.31123593,-0.33969694,-0.17007114,1.0225084,-0.35094357,0.3450387,0.694026,0.17522548,-0.1188157,-0.90111923,-0.91435814
s3://p8ocrbucket/img_cloud/Clementine/r_30_100.jpg,Clementine,6.1837378,-2.9644775,-0.3377436,5.4782844,5.6691103,-3.607565,8.067953,-0.09830883,-5.0801787,0.0948137,2.7650774,3.862891,1.8654369,-0.35901353,1.2915756,-0.4499221,-0.798527,3.6255238,0.98666817,-0.5622419,3.2014432,-2.194859,3.21697,0.753945,1.3578602,-2.783734,-1.0006334,2.5456233,0.47521943,1.3651397,-0.31364572,3.7261357,-3.8007188,-0.19688939,1.1295319,2.844419,2.0484042,0.44551125,-2.838509,1.8102157,-1.9874725,0.07842752,0.235965,0.35605004,1.8847628,-1.4901595,0.09100232,1.4327731,-0.8990481,-0.3994496,0.6353847,-0.077648364,0.05739579,0.3625193,-0.054417808,-0.009349777,0.6384661,-0.8242767,0.12932816,0.3597735,-0.11809991,-0.25008404,-0.09103769,0.18284132,0.1908254,0.44295815,-0.13876659,0.0005972279,0.109383024,-0.2817524,-0.59151906,0.29103503,-0.06631943,0.18455936,-0.07168763,-0.41136512,-0.36880404,0.6046958,-0.36350495,0.20336975,1.0392153,-0.35145956,0.77857745,0.44369927,-0.5963879,0.5273086,-0.7015707,0.16361836,0.2254813,0.10027123,-0.22344261,-0.2129612,0.14555201,-0.24152845,-0.13734916,0.028633013,-0.088369265,-0.12522803,0.7287319,0.01322934,0.10348665,0.06945482,-0.60827816,-0.30453435,-0.46762985,0.18025291,0.15677035,-0.5640402,0.41389096,-0.15419097,0.5557508,0.18174665,-0.08569317,0.44761604,-0.13660204,-0.15200943,-0.7404435,-0.09541732,-0.66882855,-0.5332635,0.58646876,0.12168967,-0.40744466,0.122000374,-1.1820769,-0.29030305,-0.8706956,-0.31123593,-0.33969694,-0.17007114,1.0225084,-0.35094357,0.3450387,0.694026,0.17522548,-0.1188157,-0.90111923,-0.91435814
s3://p8ocrbucket/img_cloud/Apple Pink Lady/78_100.jpg,Apple Pink Lady,6.5431266,-2.1094193,-0.17786644,7.578789,2.247664,-2.6628873,4.472271,0.6719377,2.1754854,-0.2294252,5.733834,3.973608,0.42178074,2.420874,-0.91659164,2.433091,-0.30235773,3.568685,2.3718288,0.45518783,3.0759757,0.03434384,1.7249001,-0.44120324,1.4345499,-0.37492257,-1.6194123,2.2879615,1.500619,2.3876436,1.447576,-0.9163576,-0.046089288,-1.2558943,0.5981864,3.1145563,3.4049072,2.7131026,-1.5124542,-1.8260185,-2.2622476,1.0586559,-0.2563104,0.072911896,0.81370956,-1.7482747,-0.8537149,0.766114,-0.9864647,-0.3994496,0.6353847,-0.077648364,0.05739579,0.3625193,-0.054417808,-0.009349777,0.6384661,-0.8242767,0.12932816,0.3597735,-0.11809991,-0.25008404,-0.09103769,0.18284132,0.1908254,0.44295815,-0.13876659,0.0005972279,0.109383024,-0.2817524,-0.59151906,0.29103503,-0.06631943,0.18455936,-0.07168763,-0.41136512,-0.36880404,0.6046958,-0.36350495,0.20336975,1.0392153,-0.35145956,0.77857745,0.44369927,-0.5963879,0.5273086,-0.7015707,0.16361836,0.2254813,0.10027123,-0.22344261,-0.2129612,0.14555201,-0.24152845,-0.13734916,0.028633013,-0.088369265,-0.12522803,0.7287319,0.01322934,0.10348665,0.06945482,-0.60827816,-0.30453435,-0.46762985,0.18025291,0.15677035,-0.5640402,0.41389096,-0.15419097,0.5557508,0.18174665,-0.08569317,0.44761604,-0.13660204,-0.15200943,-0.7404435,-0.09541732,-0.66882855,-0.5332635,0.58646876,0.12168967,-0.40744466,0.122000374,-1.1820769,-0.29030305,-0.8706956,-0.31123593,-0.33969694,-0.17007114,1.0225084,-0.35094357,0.3450387,0.694026,0.17522548,-0.1188157,-0.90111923,-0.91435814
s3://p8ocrbucket/img_cloud/Tomato 1/9_100.jpg,Tomato 1,6.286018,-13.749402,4.4797277,9.511986,-4.3053646,0.6092738,0.84888935,0.43617752,-1.6957419,1.8858526,1.3144956,2.4348104,0.50478595,-1.6238041,3.258082,1.9812886,-2.7482493,1.5295916,0.6088748,2.3549507,3.6781256,1.1272359,1.3378636,-0.9610251,2.1834404,-0.95125014,-2.5378559,3.0804915,1.28502,1.8005626,1.4379271,1.0969726,-0.08601862,-0.30519778,5.159613,1.6349669,2.4601681,1.1619133,-3.8335543,-0.055470567,-0.39222163,-1.2442387,0.22053757,-1.1367686,1.8643088,-1.8312416,0.4230094,1.0940528,-0.95464987,-0.3994496,0.6353847,-0.077648364,0.05739579,0.3625193,-0.054417808,-0.009349777,0.6384661,-0.8242767,0.12932816,0.3597735,-0.11809991,-0.25008404,-0.09103769,0.18284132,0.1908254,0.44295815,-0.13876659,0.0005972279,0.109383024,-0.2817524,-0.59151906,0.29103503,-0.06631943,0.18455936,-0.07168763,-0.41136512,-0.36880404,0.6046958,-0.36350495,0.20336975,1.0392153,-0.35145956,0.77857745,0.44369927,-0.5963879,0.5273086,-0.7015707,0.16361836,0.2254813,0.10027123,-0.22344261,-0.2129612,0.14555201,-0.24152845,-0.13734916,0.028633013,-0.088369265,-0.12522803,0.7287319,0.01322934,0.10348665,0.06945482,-0.60827816,-0.30453435,-0.46762985,0.18025291,0.15677035,-0.5640402,0.41389096,-0.15419097,0.5557508,0.18174665,-0.08569317,0.44761604,-0.13660204,-0.15200943,-0.7404435,-0.09541732,-0.66882855,-0.5332635,0.58646876,0.12168967,-0.40744466,0.122000374,-1.1820769,-0.29030305,-0.8706956,-0.31123593,-0.33969694,-0.17007114,1.0225084,-0.35094357,0.3450387,0.694026,0.17522548,-0.1188157,-0.90111923,-0.91435814
s3://p8ocrbucket/img_cloud/Apple Pink Lady/3_100.jpg,Apple Pink Lady,7.100299,-0.14667669,-0.78404045,5.4911356,3.1888478,-3.2257156,6.569765,0.4771051,3.5983503,-0.88717073,4.390387,3.1291547,0.25873807,0.737206,1.0680346,1.8794994,-0.29243517,3.965036,0.84606105,0.5766486,4.0712576,0.7237192,3.0498948,-0.45653072,0.2356379,-3.2779803,-2.5799208,1.1050726,0.7162904,3.0863225,1.670001,-0.1987944,-0.84019893,-0.6572884,1.5945814,0.09525018,2.503605,-0.6115206,-1.6700457,0.18751386,-0.7573103,-0.7719625,0.26061198,-1.2333908,2.071902,-2.8361392,-0.56319594,4.0358253,-1.0238659,-0.3994496,0.6353847,-0.077648364,0.05739579,0.3625193,-0.054417808,-0.009349777,0.6384661,-0.8242767,0.12932816,0.3597735,-0.11809991,-0.25008404,-0.09103769,0.18284132,0.1908254,0.44295815,-0.13876659,0.0005972279,0.109383024,-0.2817524,-0.59151906,0.29103503,-0.06631943,0.18455936,-0.07168763,-0.41136512,-0.36880404,0.6046958,-0.36350495,0.20336975,1.0392153,-0.35145956,0.77857745,0.44369927,-0.5963879,0.5273086,-0.7015707,0.16361836,0.2254813,0.10027123,-0.22344261,-0.2129612,0.14555201,-0.24152845,-0.13734916,0.028633013,-0.088369265,-0.12522803,0.7287319,0.01322934,0.10348665,0.06945482,-0.60827816,-0.30453435,-0.46762985,0.18025291,0.15677035,-0.5640402,0.41389096,-0.15419097,0.5557508,0.18174665,-0.08569317,0.44761604,-0.13660204,-0.15200943,-0.7404435,-0.09541732,-0.66882855,-0.5332635,0.58646876,0.12168967,-0.40744466,0.122000374,-1.1820769,-0.29030305,-0.8706956,-0.31123593,-0.33969694,-0.17007114,1.0225084,-0.35094357,0.3450387,0.694026,0.17522548,-0.1188157,-0.90111923,-0.91435814
s3://p8ocrbucket/img_cloud/Kumquats/275_100.jpg,Kumquats,4.6561217,3.323904,-0.98554796,2.461133,1.9038169,4.8581996,4.3397584,1.1490012,-2.1238394,2.9430435,-1.0091753,3.67277,-1.7810817,-0.58045006,1.6712346,1.0250301,0.11701048,4.1737843,2.5361981,1.1208622,4.846703,0.9268719,2.330761,-0.2715539,2.13899,-1.0664463,-0.8079356,2.5896404,1.2455835,1.8501884,-0.025515478,1.0604144,-0.012678945,-1.0552826,0.75843,3.1229246,0.78529084,0.8943277,-0.99055797,-0.39734942,-1.2489878,-1.0345926,1.1779673,-0.90550387,2.0977302,-2.3689306,0.82105386,1.7609303,-3.1860452,-0.3994496,0.6353847,-0.077648364,0.05739579,0.3625193,-0.054417808,-0.009349777,0.6384661,-0.8242767,0.12932816,0.3597735,-0.11809991,-0.25008404,-0.09103769,0.18284132,0.1908254,0.44295815,-0.13876659,0.0005972279,0.109383024,-0.2817524,-0.59151906,0.29103503,-0.06631943,0.18455936,-0.07168763,-0.41136512,-0.36880404,0.6046958,-0.36350495,0.20336975,1.0392153,-0.35145956,0.77857745,0.44369927,-0.5963879,0.5273086,-0.7015707,0.16361836,0.2254813,0.10027123,-0.22344261,-0.2129612,0.14555201,-0.24152845,-0.13734916,0.028633013,-0.088369265,-0.12522803,0.7287319,0.01322934,0.10348665,0.06945482,-0.60827816,-0.30453435,-0.46762985,0.18025291,0.15677035,-0.5640402,0.41389096,-0.15419097,0.5557508,0.18174665,-0.08569317,0.44761604,-0.13660204,-0.15200943,-0.7404435,-0.09541732,-0.66882855,-0.5332635,0.58646876,0.12168967,-0.40744466,0.122000374,-1.1820769,-0.29030305,-0.8706956,-0.31123593,-0.33969694,-0.17007114,1.0225084,-0.35094357,0.3450387,0.694026,0.17522548,-0.1188157,-0.90111923,-0.91435814
s3://p8ocrbucket/img_cloud/Apple Pink Lady/246_100.jpg,Apple Pink Lady,7.1016583,-0.53931916,-1.3831189,7.307597,3.7147367,-2.64017,5.2189918,1.4006041,-0.31554353,1.0685222,6.4715886,3.6090944,0.5713165,0.9210276,-1.3452477,2.0504441,-2.0036695,5.3052335,2.7889614,0.8602762,4.925727,-0.2927208,2.9495883,-0.41535613,1.6457072,-0.32877815,-0.793181,4.2307982,-0.22006595,1.6201937,0.5696501,-0.69731647,-0.33165574,-2.9677799,0.90470797,4.2215395,2.9637635,3.0298722,-4.013003,1.9075452,-0.7820541,-2.3094976,1.9815414,-1.3407763,2.3583264,-2.1652896,0.16811144,2.4762936,-0.8861157,-0.3994496,0.6353847,-0.077648364,0.05739579,0.3625193,-0.054417808,-0.009349777,0.6384661,-0.8242767,0.12932816,0.3597735,-0.11809991,-0.25008404,-0.09103769,0.18284132,0.1908254,0.44295815,-0.13876659,0.0005972279,0.109383024,-0.2817524,-0.59151906,0.29103503,-0.06631943,0.18455936,-0.07168763,-0.41136512,-0.36880404,0.6046958,-0.36350495,0.20336975,1.0392153,-0.35145956,0.77857745,0.44369927,-0.5963879,0.5273086,-0.7015707,0.16361836,0.2254813,0.10027123,-0.22344261,-0.2129612,0.14555201,-0.24152845,-0.13734916,0.028633013,-0.088369265,-0.12522803,0.7287319,0.01322934,0.10348665,0.06945482,-0.60827816,-0.30453435,-0.46762985,0.18025291,0.15677035,-0.5640402,0.41389096,-0.15419097,0.5557508,0.18174665,-0.08569317,0.44761604,-0.13660204,-0.15200943,-0.7404435,-0.09541732,-0.66882855,-0.5332635,0.58646876,0.12168967,-0.40744466,0.122000374,-1.1820769,-0.29030305,-0.8706956,-0.31123593,-0.33969694,-0.17007114,1.0225084,-0.35094357,0.3450387,0.694026,0.17522548,-0.1188157,-0.90111923,-0.91435814
s3://p8ocrbucket/img_cloud/Banana Red/168_100.jpg,Banana Red,-4.1496105,-10.967959,-11.43098,-6.926425,0.22438477,-2.2882457,1.7268033,-6.5530477,-2.3431377,3.7289212,4.1852617,5.662008,0.6426938,1.5568482,0.9534042,-0.2789808,-1.2503399,2.3071227,2.1257405,2.352234,2.990126,0.7997017,2.182164,-1.232468,-1.3414915,1.1104822,0.15472923,1.7161103,3.2821922,4.358322,0.7431158,0.9632477,-1.8983048,-3.3197062,1.4684387,1.6771898,2.0859377,0.9846866,-2.2509375,0.6913034,-1.1000161,-1.0280784,0.7209103,-0.82233614,1.8969994,-2.0209951,-0.12200088,1.7204578,-1.0601609,-0.3994496,0.6353847,-0.077648364,0.05739579,0.3625193,-0.054417808,-0.009349777,0.6384661,-0.8242767,0.12932816,0.3597735,-0.11809991,-0.25008404,-0.09103769,0.18284132,0.1908254,0.44295815,-0.13876659,0.0005972279,0.109383024,-0.2817524,-0.59151906,0.29103503,-0.06631943,0.18455936,-0.07168763,-0.41136512,-0.36880404,0.6046958,-0.36350495,0.20336975,1.0392153,-0.35145956,0.77857745,0.44369927,-0.5963879,0.5273086,-0.7015707,0.16361836,0.2254813,0.10027123,-0.22344261,-0.2129612,0.14555201,-0.24152845,-0.13734916,0.028633013,-0.088369265,-0.12522803,0.7287319,0.01322934,0.10348665,0.06945482,-0.60827816,-0.30453435,-0.46762985,0.18025291,0.15677035,-0.5640402,0.41389096,-0.15419097,0.5557508,0.18174665,-0.08569317,0.44761604,-0.13660204,-0.15200943,-0.7404435,-0.09541732,-0.66882855,-0.5332635,0.58646876,0.12168967,-0.40744466,0.122000374,-1.1820769,-0.29030305,-0.8706956,-0.31123593,-0.33969694,-0.17007114,1.0225084,-0.35094357,0.3450387,0.694026,0.17522548,-0.1188157,-0.90111923,-0.91435814
s3://p8ocrbucket/img_cloud/Clementine/r_208_100.jpg,Clementine,6.3714795,-2.1932878,0.3496528,3.6111712,3.633196,0.6774818,8.386479,-1.7463425,-6.0740404,-1.1631647,0.6900713,3.4038143,1.5547651,-0.75349027,2.3513353,1.3021252,-0.8530027,2.7303293,2.0249062,1.4620216,3.443964,-0.9963231,2.2758303,0.92690414,0.84111536,-0.7808878,3.5304523,1.3265812,-0.22926213,1.5869676,3.2850773,-2.329264,0.5837015,-1.206803,2.1253915,2.7743044,2.5949152,-0.27402124,-1.4024237,1.5552669,-1.8348049,-1.0768718,-0.35266775,-1.3887942,1.4607229,-2.1063228,0.44656575,1.3950754,-0.8014887,-0.3994496,0.6353847,-0.077648364,0.05739579,0.3625193,-0.054417808,-0.009349777,0.6384661,-0.8242767,0.12932816,0.3597735,-0.11809991,-0.25008404,-0.09103769,0.18284132,0.1908254,0.44295815,-0.13876659,0.0005972279,0.109383024,-0.2817524,-0.59151906,0.29103503,-0.06631943,0.18455936,-0.07168763,-0.41136512,-0.36880404,0.6046958,-0.36350495,0.20336975,1.0392153,-0.35145956,0.77857745,0.44369927,-0.5963879,0.5273086,-0.7015707,0.16361836,0.2254813,0.10027123,-0.22344261,-0.2129612,0.14555201,-0.24152845,-0.13734916,0.028633013,-0.088369265,-0.12522803,0.7287319,0.01322934,0.10348665,0.06945482,-0.60827816,-0.30453435,-0.46762985,0.18025291,0.15677035,-0.5640402,0.41389096,-0.15419097,0.5557508,0.18174665,-0.08569317,0.44761604,-0.13660204,-0.15200943,-0.7404435,-0.09541732,-0.66882855,-0.5332635,0.58646876,0.12168967,-0.40744466,0.122000374,-1.1820769,-0.29030305,-0.8706956,-0.31123593,-0.33969694,-0.17007114,1.0225084,-0.35094357,0.3450387,0.694026,0.17522548,-0.1188157,-0.90111923,-0.91435814
s3://p8ocrbucket/img_cloud/Lemon/3_100.jpg,Lemon,3.3595004,4.911353,-1.3718221,3.3724184,-6.445716,4.3788695,4.3593874,0.14019608,-5.326563,0.637398,2.0988803,2.6991076,1.7486169,1.2339838,-2.2566235,-0.7148524,-3.7758863,2.706603,1.9225315,0.06664834,2.7728188,-0.34017205,1.8509535,-0.96469647,-0.5298228,-0.8816815,-1.6495274,3.0905175,-1.4208989,2.5497963,2.2328577,-0.27771804,-2.31752,-2.1769013,1.6163315,1.8202819,2.706608,1.4753044,-2.149359,0.14229187,0.042411696,0.8388234,0.9950538,0.013005063,0.76409256,-3.2863982,2.0729024,2.186154,-0.9637871,-0.3994496,0.6353847,-0.077648364,0.05739579,0.3625193,-0.054417808,-0.009349777,0.6384661,-0.8242767,0.12932816,0.3597735,-0.11809991,-0.25008404,-0.09103769,0.18284132,0.1908254,0.44295815,-0.13876659,0.0005972279,0.109383024,-0.2817524,-0.59151906,0.29103503,-0.06631943,0.18455936,-0.07168763,-0.41136512,-0.36880404,0.6046958,-0.36350495,0.20336975,1.0392153,-0.35145956,0.77857745,0.44369927,-0.5963879,0.5273086,-0.7015707,0.16361836,0.2254813,0.10027123,-0.22344261,-0.2129612,0.14555201,-0.24152845,-0.13734916,0.028633013,-0.088369265,-0.12522803,0.7287319,0.01322934,0.10348665,0.06945482,-0.60827816,-0.30453435,-0.46762985,0.18025291,0.15677035,-0.5640402,0.41389096,-0.15419097,0.5557508,0.18174665,-0.08569317,0.44761604,-0.13660204,-0.15200943,-0.7404435,-0.09541732,-0.66882855,-0.5332635,0.58646876,0.12168967,-0.40744466,0.122000374,-1.1820769,-0.29030305,-0.8706956,-0.31123593,-0.33969694,-0.17007114,1.0225084,-0.35094357,0.3450387,0.694026,0.17522548,-0.1188157,-0.90111923,-0.91435814
s3://p8ocrbucket/img_cloud/Beetroot/r2_106_100.jpg,Beetroot,-4.7108874,-2.8937745,-8.177815,10.841366,1.6187187,-0.75656253,0.6084026,-1.4791871,-2.692041,-6.791199,-1.897929,2.487051,0.9117535,3.0460765,-0.9813624,4.5104766,-0.26839343,-3.0186667,4.3783593,1.364256,6.681237,-1.061905,5.044044,-1.1729301,1.6644195,-1.3901706,-1.7080292,0.42293555,-0.31056342,2.054543,1.1550128,0.80132043,-1.0724057,-2.3543549,0.8642311,2.3688736,2.0703084,0.93983847,-2.4986234,0.35537407,-0.9079873,-0.99623847,0.7485918,-0.7550805,1.853067,-2.0915565,0.22926134,1.5750796,-1.0848335,-0.3994496,0.6353847,-0.077648364,0.05739579,0.3625193,-0.054417808,-0.009349777,0.6384661,-0.8242767,0.12932816,0.3597735,-0.11809991,-0.25008404,-0.09103769,0.18284132,0.1908254,0.44295815,-0.13876659,0.0005972279,0.109383024,-0.2817524,-0.59151906,0.29103503,-0.06631943,0.18455936,-0.07168763,-0.41136512,-0.36880404,0.6046958,-0.36350495,0.20336975,1.0392153,-0.35145956,0.77857745,0.44369927,-0.5963879,0.5273086,-0.7015707,0.16361836,0.2254813,0.10027123,-0.22344261,-0.2129612,0.14555201,-0.24152845,-0.13734916,0.028633013,-0.088369265,-0.12522803,0.7287319,0.01322934,0.10348665,0.06945482,-0.60827816,-0.30453435,-0.46762985,0.18025291,0.15677035,-0.5640402,0.41389096,-0.15419097,0.5557508,0.18174665,-0.08569317,0.44761604,-0.13660204,-0.15200943,-0.7404435,-0.09541732,-0.66882855,-0.5332635,0.58646876,0.12168967,-0.40744466,0.122000374,-1.1820769,-0.29030305,-0.8706956,-0.31123593,-0.33969694,-0.17007114,1.0225084,-0.35094357,0.3450387,0.694026,0.17522548,-0.1188157,-0.90111923,-0.91435814
s3://p8ocrbucket/img_cloud/Kumquats/121_100.jpg,Kumquats,3.6408455,1.5623661,-1.47076,2.9847002,3.076565,6.3088737,4.2568817,1.5920289,-2.352104,3.3430076,-2.0792198,4.337971,-0.5643513,-0.34046766,3.5788321,1.1859891,2.2552822,4.11126,2.764907,0.70838785,5.00566,0.655023,4.012091,-0.0907967,1.5595741,0.5859042,-1.6055543,1.8806976,-0.43782714,2.044611,2.4575672,0.026310952,-1.8465513,-3.3681672,1.229305,0.6849047,5.2722654,1.169236,-3.7843642,1.2057067,-0.43748993,0.05426011,-0.07989971,-0.2074457,1.4072149,-0.6832475,-0.5055157,2.0454493,-1.6682886,-0.3994496,0.6353847,-0.077648364,0.05739579,0.3625193,-0.054417808,-0.009349777,0.6384661,-0.8242767,0.12932816,0.3597735,-0.11809991,-0.25008404,-0.09103769,0.18284132,0.1908254,0.44295815,-0.13876659,0.0005972279,0.109383024,-0.2817524,-0.59151906,0.29103503,-0.06631943,0.18455936,-0.07168763,-0.41136512,-0.36880404,0.6046958,-0.36350495,0.20336975,1.0392153,-0.35145956,0.77857745,0.44369927,-0.5963879,0.5273086,-0.7015707,0.16361836,0.2254813,0.10027123,-0.22344261,-0.2129612,0.14555201,-0.24152845,-0.13734916,0.028633013,-0.088369265,-0.12522803,0.7287319,0.01322934,0.10348665,0.06945482,-0.60827816,-0.30453435,-0.46762985,0.18025291,0.15677035,-0.5640402,0.41389096,-0.15419097,0.5557508,0.18174665,-0.08569317,0.44761604,-0.13660204,-0.15200943,-0.7404435,-0.09541732,-0.66882855,-0.5332635,0.58646876,0.12168967,-0.40744466,0.122000374,-1.1820769,-0.29030305,-0.8706956,-0.31123593,-0.33969694,-0.17007114,1.0225084,-0.35094357,0.3450387,0.694026,0.17522548,-0.1188157,-0.90111923,-0.91435814
s3://p8ocrbucket/img_cloud/Pineapple/217_100.jpg,Pineapple,-16.257927,-0.7573662,6.4216013,6.917992,1.590127,-1.2318925,5.197997,1.0867765,-2.7487576,1.3231066,0.4993927,3.5323923,3.0923483,4.5554943,3.4633977,0.7347217,-2.2738574,4.381467,3.590837,0.68402934,4.2725067,-0.050763432,1.6996323,-1.4421749,2.1265924,-3.1021314,-0.6520969,5.0437813,1.7877156,2.9209242,4.9757795,2.1325066,-0.014672583,-2.50756,-0.26621017,1.2321559,1.8580405,1.0004413,-2.6689372,0.52226156,-1.2013297,-0.7613972,0.60798794,-1.0828118,1.5305318,-2.1167583,0.018720102,1.6014961,-1.0601604,-0.3994496,0.6353847,-0.077648364,0.05739579,0.3625193,-0.054417808,-0.009349777,0.6384661,-0.8242767,0.12932816,0.3597735,-0.11809991,-0.25008404,-0.09103769,0.18284132,0.1908254,0.44295815,-0.13876659,0.0005972279,0.109383024,-0.2817524,-0.59151906,0.29103503,-0.06631943,0.18455936,-0.07168763,-0.41136512,-0.36880404,0.6046958,-0.36350495,0.20336975,1.0392153,-0.35145956,0.77857745,0.44369927,-0.5963879,0.5273086,-0.7015707,0.16361836,0.2254813,0.10027123,-0.22344261,-0.2129612,0.14555201,-0.24152845,-0.13734916,0.028633013,-0.088369265,-0.12522803,0.7287319,0.01322934,0.10348665,0.06945482,-0.60827816,-0.30453435,-0.46762985,0.18025291,0.15677035,-0.5640402,0.41389096,-0.15419097,0.5557508,0.18174665,-0.08569317,0.44761604,-0.13660204,-0.15200943,-0.7404435,-0.09541732,-0.66882855,-0.5332635,0.58646876,0.12168967,-0.40744466,0.122000374,-1.1820769,-0.29030305,-0.8706956,-0.31123593,-0.33969694,-0.17007114,1.0225084,-0.35094357,0.3450387,0.694026,0.17522548,-0.1188157,-0.90111923,-0.91435814
s3://p8ocrbucket/img_cloud/Tomato 1/r_263_100.jpg,Tomato 1,3.6127608,-13.489371,2.3186803,9.20771,-1.5388504,-1.948223,2.9784753,2.8831072,-4.2880425,3.728407,0.5447412,6.0925508,-1.4314114,4.7490826,-4.308254,-0.2436735,5.920073,4.501529,1.9489027,-0.2302,2.307594,-1.6436543,3.4150167,-4.6661034,1.0202836,-0.18939319,0.17084311,2.770056,-0.6928841,1.8284501,1.8219596,0.42276564,-1.2138821,-0.80424064,1.6594143,1.3284417,2.1745346,0.53436375,-1.9556503,0.3704112,-0.7727192,-1.4177847,0.71518713,-0.8876741,1.76675,-1.9690423,0.10463577,1.6914275,-1.1112554,-0.3994496,0.6353847,-0.077648364,0.05739579,0.3625193,-0.054417808,-0.009349777,0.6384661,-0.8242767,0.12932816,0.3597735,-0.11809991,-0.25008404,-0.09103769,0.18284132,0.1908254,0.44295815,-0.13876659,0.0005972279,0.109383024,-0.2817524,-0.59151906,0.29103503,-0.06631943,0.18455936,-0.07168763,-0.41136512,-0.36880404,0.6046958,-0.36350495,0.20336975,1.0392153,-0.35145956,0.77857745,0.44369927,-0.5963879,0.5273086,-0.7015707,0.16361836,0.2254813,0.10027123,-0.22344261,-0.2129612,0.14555201,-0.24152845,-0.13734916,0.028633013,-0.088369265,-0.12522803,0.7287319,0.01322934,0.10348665,0.06945482,-0.60827816,-0.30453435,-0.46762985,0.18025291,0.15677035,-0.5640402,0.41389096,-0.15419097,0.5557508,0.18174665,-0.08569317,0.44761604,-0.13660204,-0.15200943,-0.7404435,-0.09541732,-0.66882855,-0.5332635,0.58646876,0.12168967,-0.40744466,0.122000374,-1.1820769,-0.29030305,-0.8706956,-0.31123593,-0.33969694,-0.17007114,1.0225084,-0.35094357,0.3450387,0.694026,0.17522548,-0.1188157,-0.90111923,-0.91435814
s3://p8ocrbucket/img_cloud/Apple Golden 3/r_74_100.jpg,Apple Golden 3,0.07671709,2.3845704,-7.903299,7.005012,-4.5748453,-9.542067,4.339488,4.682374,-5.6068077,2.9549322,-1.181636,5.663421,-2.9508843,0.042023927,1.3719623,3.4399378,0.15856718,2.6517477,2.3145263,-0.8225157,3.7246885,1.8557135,-1.255714,-0.094548136,3.5398881,-3.8972747,-0.47316322,1.8946793,0.5173281,3.2889533,0.9739314,-1.16052,-3.1675513,-3.2748578,1.964742,1.6156601,2.6627734,1.5210452,-1.7274449,0.7077978,-1.275124,-0.9576079,0.820656,-1.057473,1.6384252,-1.8698252,0.13523944,1.5382673,-1.079804,-0.3994496,0.6353847,-0.077648364,0.05739579,0.3625193,-0.054417808,-0.009349777,0.6384661,-0.8242767,0.12932816,0.3597735,-0.11809991,-0.25008404,-0.09103769,0.18284132,0.1908254,0.44295815,-0.13876659,0.0005972279,0.109383024,-0.2817524,-0.59151906,0.29103503,-0.06631943,0.18455936,-0.07168763,-0.41136512,-0.36880404,0.6046958,-0.36350495,0.20336975,1.0392153,-0.35145956,0.77857745,0.44369927,-0.5963879,0.5273086,-0.7015707,0.16361836,0.2254813,0.10027123,-0.22344261,-0.2129612,0.14555201,-0.24152845,-0.13734916,0.028633013,-0.088369265,-0.12522803,0.7287319,0.01322934,0.10348665,0.06945482,-0.60827816,-0.30453435,-0.46762985,0.18025291,0.15677035,-0.5640402,0.41389096,-0.15419097,0.5557508,0.18174665,-0.08569317,0.44761604,-0.13660204,-0.15200943,-0.7404435,-0.09541732,-0.66882855,-0.5332635,0.58646876,0.12168967,-0.40744466,0.122000374,-1.1820769,-0.29030305,-0.8706956,-0.31123593,-0.33969694,-0.17007114,1.0225084,-0.35094357,0.3450387,0.694026,0.17522548,-0.1188157,-0.90111923,-0.91435814
s3://p8ocrbucket/img_cloud/Banana Red/5_100.jpg,Banana Red,-4.5882177,-11.140223,-12.041814,-7.1069536,0.9682081,-2.5176482,-0.09998134,-6.39093,-2.6607947,4.1616297,3.4096432,4.3487463,1.7788817,-0.05699364,0.8813038,2.0328684,-0.2843504,4.404733,2.8986266,-0.668164,4.6709394,0.2441677,2.7185123,-0.17053427,3.5396912,-3.1862838,-2.5766716,3.4237435,-2.6593318,-0.37074912,2.356573,-0.5719823,-0.6457287,-0.16791311,0.71237946,2.0390182,2.9861434,0.46573332,-2.159078,-0.09600467,-0.9255758,-0.74307173,0.85169846,-0.9188546,1.629914,-1.8647213,0.20921473,1.5242034,-1.0878807,-0.3994496,0.6353847,-0.077648364,0.05739579,0.3625193,-0.054417808,-0.009349777,0.6384661,-0.8242767,0.12932816,0.3597735,-0.11809991,-0.25008404,-0.09103769,0.18284132,0.1908254,0.44295815,-0.13876659,0.0005972279,0.109383024,-0.2817524,-0.59151906,0.29103503,-0.06631943,0.18455936,-0.07168763,-0.41136512,-0.36880404,0.6046958,-0.36350495,0.20336975,1.0392153,-0.35145956,0.77857745,0.44369927,-0.5963879,0.5273086,-0.7015707,0.16361836,0.2254813,0.10027123,-0.22344261,-0.2129612,0.14555201,-0.24152845,-0.13734916,0.028633013,-0.088369265,-0.12522803,0.7287319,0.01322934,0.10348665,0.06945482,-0.60827816,-0.30453435,-0.46762985,0.18025291,0.15677035,-0.5640402,0.41389096,-0.15419097,0.5557508,0.18174665,-0.08569317,0.44761604,-0.13660204,-0.15200943,-0.7404435,-0.09541732,-0.66882855,-0.5332635,0.58646876,0.12168967,-0.40744466,0.122000374,-1.1820769,-0.29030305,-0.8706956,-0.31123593,-0.33969694,-0.17007114,1.0225084,-0.35094357,0.3450387,0.694026,0.17522548,-0.1188157,-0.90111923,-0.91435814
s3://p8ocrbucket/img_cloud/Peach/r_327_100.jpg,Peach,4.2193027,-1.1274935,-3.9494586,9.489206,7.524928,-2.33306,1.8787161,2.4674208,-5.2587447,2.8050838,3.7774744,3.486208,2.0534582,1.4299455,0.044118408,-0.23862472,-2.1349027,3.283375,2.9749675,2.391265,5.6483707,3.0071013,2.9563692,0.5890086,0.69656724,-1.1548768,0.9707232,3.9103637,-2.2711902,2.3456633,-1.412138,1.7690865,0.30756122,-2.1637092,1.1765599,-0.9673921,2.9920993,1.2325432,-1.1207924,0.10365697,-0.49867836,-0.8333768,0.41826,-1.0848552,1.272618,-2.230007,-0.12601216,1.0996048,-0.8575517,-0.3994496,0.6353847,-0.077648364,0.05739579,0.3625193,-0.054417808,-0.009349777,0.6384661,-0.8242767,0.12932816,0.3597735,-0.11809991,-0.25008404,-0.09103769,0.18284132,0.1908254,0.44295815,-0.13876659,0.0005972279,0.109383024,-0.2817524,-0.59151906,0.29103503,-0.06631943,0.18455936,-0.07168763,-0.41136512,-0.36880404,0.6046958,-0.36350495,0.20336975,1.0392153,-0.35145956,0.77857745,0.44369927,-0.5963879,0.5273086,-0.7015707,0.16361836,0.2254813,0.10027123,-0.22344261,-0.2129612,0.14555201,-0.24152845,-0.13734916,0.028633013,-0.088369265,-0.12522803,0.7287319,0.01322934,0.10348665,0.06945482,-0.60827816,-0.30453435,-0.46762985,0.18025291,0.15677035,-0.5640402,0.41389096,-0.15419097,0.5557508,0.18174665,-0.08569317,0.44761604,-0.13660204,-0.15200943,-0.7404435,-0.09541732,-0.66882855,-0.5332635,0.58646876,0.12168967,-0.40744466,0.122000374,-1.1820769,-0.29030305,-0.8706956,-0.31123593,-0.33969694,-0.17007114,1.0225084,-0.35094357,0.3450387,0.694026,0.17522548,-0.1188157,-0.90111923,-0.91435814
s3://p8ocrbucket/img_cloud/Apple Golden 3/49_100.jpg,Apple Golden 3,0.881991,2.6576428,-5.611204,7.020443,-3.9807787,-6.6120305,3.2253704,1.771856,0.28717145,0.19972266,1.0121467,4.4502773,3.969744,-1.0504488,4.125383,-5.904019,1.7666199,4.1003914,2.0091774,1.4920173,6.777413,-1.3914814,4.411863,-0.61189324,0.62772596,-0.15913965,-2.949395,3.277954,-0.8608573,1.627401,2.200184,-0.46142548,-1.2644548,-3.3445804,2.9380333,2.0998385,1.2230169,1.5473595,-0.84017265,0.370487,-2.0956857,-0.8993616,0.44507834,-0.79645807,1.96321,-1.8847595,0.12920602,1.5178846,-0.9949806,-0.3994496,0.6353847,-0.077648364,0.05739579,0.3625193,-0.054417808,-0.009349777,0.6384661,-0.8242767,0.12932816,0.3597735,-0.11809991,-0.25008404,-0.09103769,0.18284132,0.1908254,0.44295815,-0.13876659,0.0005972279,0.109383024,-0.2817524,-0.59151906,0.29103503,-0.06631943,0.18455936,-0.07168763,-0.41136512,-0.36880404,0.6046958,-0.36350495,0.20336975,1.0392153,-0.35145956,0.77857745,0.44369927,-0.5963879,0.5273086,-0.7015707,0.16361836,0.2254813,0.10027123,-0.22344261,-0.2129612,0.14555201,-0.24152845,-0.13734916,0.028633013,-0.088369265,-0.12522803,0.7287319,0.01322934,0.10348665,0.06945482,-0.60827816,-0.30453435,-0.46762985,0.18025291,0.15677035,-0.5640402,0.41389096,-0.15419097,0.5557508,0.18174665,-0.08569317,0.44761604,-0.13660204,-0.15200943,-0.7404435,-0.09541732,-0.66882855,-0.5332635,0.58646876,0.12168967,-0.40744466,0.122000374,-1.1820769,-0.29030305,-0.8706956,-0.31123593,-0.33969694,-0.17007114,1.0225084,-0.35094357,0.3450387,0.694026,0.17522548,-0.1188157,-0.90111923,-0.91435814
s3://p8ocrbucket/img_cloud/Clementine/r_58_100.jpg,Clementine,6.70792,-5.5973325,0.6972448,4.896992,3.9801476,-2.9536157,8.916917,-1.3738495,-5.62155,-1.6060057,1.1898563,4.5582204,3.9034214,-0.35167485,2.6902423,-0.5614298,1.3992524,3.1004443,0.2966941,0.5148885,1.6065605,-0.35421115,3.0431721,1.4623812,1.3835542,-1.0789989,-0.95935047,0.7245628,-0.6423421,2.4073303,2.4541368,1.0311912,-2.2562702,-2.5379343,0.52738374,1.5516273,2.9973772,1.9206389,-2.9258683,-2.562757,-0.17273,-1.8253026,2.1180518,-2.1607773,1.800784,-2.2146828,0.19162512,1.3609531,-1.2397016,-0.3994496,0.6353847,-0.077648364,0.05739579,0.3625193,-0.054417808,-0.009349777,0.6384661,-0.8242767,0.12932816,0.3597735,-0.11809991,-0.25008404,-0.09103769,0.18284132,0.1908254,0.44295815,-0.13876659,0.0005972279,0.109383024,-0.2817524,-0.59151906,0.29103503,-0.06631943,0.18455936,-0.07168763,-0.41136512,-0.36880404,0.6046958,-0.36350495,0.20336975,1.0392153,-0.35145956,0.77857745,0.44369927,-0.5963879,0.5273086,-0.7015707,0.16361836,0.2254813,0.10027123,-0.22344261,-0.2129612,0.14555201,-0.24152845,-0.13734916,0.028633013,-0.088369265,-0.12522803,0.7287319,0.01322934,0.10348665,0.06945482,-0.60827816,-0.30453435,-0.46762985,0.18025291,0.15677035,-0.5640402,0.41389096,-0.15419097,0.5557508,0.18174665,-0.08569317,0.44761604,-0.13660204,-0.15200943,-0.7404435,-0.09541732,-0.66882855,-0.5332635,0.58646876,0.12168967,-0.40744466,0.122000374,-1.1820769,-0.29030305,-0.8706956,-0.31123593,-0.33969694,-0.17007114,1.0225084,-0.35094357,0.3450387,0.694026,0.17522548,-0.1188157,-0.90111923,-0.91435814
s3://p8ocrbucket/img_cloud/Lemon/r_20_100.jpg,Lemon,0.26441234,2.733929,-6.398015,9.390911,-1.1681365,3.2580118,-1.5736774,1.3368143,-8.235696,-0.6051607,7.6616964,5.4338894,2.5132337,0.8031622,3.0763433,3.1965914,1.9736989,6.1561747,1.0960506,2.3574078,2.8572505,-0.20160152,2.771284,-0.032020513,1.7018971,-1.4126478,-2.3542585,1.4560035,1.0989789,1.5127773,1.8177584,0.46774825,-1.7722297,-1.9382229,0.35953572,2.2783492,2.2207272,1.7695732,-1.4385988,0.69444394,0.38679808,-2.0662005,-1.7252916,-0.61241746,2.145059,-2.8978438,0.21578003,1.4264283,-1.0031986,-0.3994496,0.6353847,-0.077648364,0.05739579,0.3625193,-0.054417808,-0.009349777,0.6384661,-0.8242767,0.12932816,0.3597735,-0.11809991,-0.25008404,-0.09103769,0.18284132,0.1908254,0.44295815,-0.13876659,0.0005972279,0.109383024,-0.2817524,-0.59151906,0.29103503,-0.06631943,0.18455936,-0.07168763,-0.41136512,-0.36880404,0.6046958,-0.36350495,0.20336975,1.0392153,-0.35145956,0.77857745,0.44369927,-0.5963879,0.5273086,-0.7015707,0.16361836,0.2254813,0.10027123,-0.22344261,-0.2129612,0.14555201,-0.24152845,-0.13734916,0.028633013,-0.088369265,-0.12522803,0.7287319,0.01322934,0.10348665,0.06945482,-0.60827816,-0.30453435,-0.46762985,0.18025291,0.15677035,-0.5640402,0.41389096,-0.15419097,0.5557508,0.18174665,-0.08569317,0.44761604,-0.13660204,-0.15200943,-0.7404435,-0.09541732,-0.66882855,-0.5332635,0.58646876,0.12168967,-0.40744466,0.122000374,-1.1820769,-0.29030305,-0.8706956,-0.31123593,-0.33969694,-0.17007114,1.0225084,-0.35094357,0.3450387,0.694026,0.17522548,-0.1188157,-0.90111923,-0.91435814
s3://p8ocrbucket/img_cloud/Pineapple/232_100.jpg,Pineapple,-17.162764,-1.1131426,7.208293,5.018846,1.9667192,-1.8263096,4.4590015,0.27312985,-3.0749102,0.9081844,2.609132,3.5407631,2.3027785,2.8989136,2.5430925,1.6903769,-0.68962455,4.5585227,1.1625475,0.94905794,4.403108,0.7187681,1.6062945,-0.7059504,1.7739807,0.59581214,-2.1814146,1.2622637,-1.729913,4.584941,0.2303289,0.5481615,-1.2604443,-1.1881766,2.2491052,4.064556,4.750146,-0.32028985,-0.36229113,0.25169185,-0.5154742,-1.3465166,1.2698567,-0.27625832,2.4812834,-1.6340934,0.3679205,1.6426193,-0.9437759,-0.3994496,0.6353847,-0.077648364,0.05739579,0.3625193,-0.054417808,-0.009349777,0.6384661,-0.8242767,0.12932816,0.3597735,-0.11809991,-0.25008404,-0.09103769,0.18284132,0.1908254,0.44295815,-0.13876659,0.0005972279,0.109383024,-0.2817524,-0.59151906,0.29103503,-0.06631943,0.18455936,-0.07168763,-0.41136512,-0.36880404,0.6046958,-0.36350495,0.20336975,1.0392153,-0.35145956,0.77857745,0.44369927,-0.5963879,0.5273086,-0.7015707,0.16361836,0.2254813,0.10027123,-0.22344261,-0.2129612,0.14555201,-0.24152845,-0.13734916,0.028633013,-0.088369265,-0.12522803,0.7287319,0.01322934,0.10348665,0.06945482,-0.60827816,-0.30453435,-0.46762985,0.18025291,0.15677035,-0.5640402,0.41389096,-0.15419097,0.5557508,0.18174665,-0.08569317,0.44761604,-0.13660204,-0.15200943,-0.7404435,-0.09541732,-0.66882855,-0.5332635,0.58646876,0.12168967,-0.40744466,0.122000374,-1.1820769,-0.29030305,-0.8706956,-0.31123593,-0.33969694,-0.17007114,1.0225084,-0.35094357,0.3450387,0.694026,0.17522548,-0.1188157,-0.90111923,-0.91435814
s3://p8ocrbucket/img_cloud/Lemon/43_100.jpg,Lemon,2.835212,4.9832163,-2.2188227,4.1773777,-5.303472,3.8944192,3.9461012,0.6999768,-3.3872716,1.5261612,2.9666843,3.3387,1.2069985,0.24071948,-2.075742,-0.98657906,-3.118427,2.6760557,2.1688793,-0.01373817,3.9833755,0.25150874,1.6034502,-1.4804724,0.26800084,-2.1221287,-1.3674737,2.223911,-0.8188815,2.897063,0.96157426,0.52894294,-1.0998775,-1.8863449,0.082732126,2.013112,2.4546664,0.43484372,-2.6234899,-1.1386942,-2.3062856,-2.5878925,-1.0035003,-1.5525559,2.4166222,0.43035004,0.5716181,2.0184917,-0.8220805,-0.3994496,0.6353847,-0.077648364,0.05739579,0.3625193,-0.054417808,-0.009349777,0.6384661,-0.8242767,0.12932816,0.3597735,-0.11809991,-0.25008404,-0.09103769,0.18284132,0.1908254,0.44295815,-0.13876659,0.0005972279,0.109383024,-0.2817524,-0.59151906,0.29103503,-0.06631943,0.18455936,-0.07168763,-0.41136512,-0.36880404,0.6046958,-0.36350495,0.20336975,1.0392153,-0.35145956,0.77857745,0.44369927,-0.5963879,0.5273086,-0.7015707,0.16361836,0.2254813,0.10027123,-0.22344261,-0.2129612,0.14555201,-0.24152845,-0.13734916,0.028633013,-0.088369265,-0.12522803,0.7287319,0.01322934,0.10348665,0.06945482,-0.60827816,-0.30453435,-0.46762985,0.18025291,0.15677035,-0.5640402,0.41389096,-0.15419097,0.5557508,0.18174665,-0.08569317,0.44761604,-0.13660204,-0.15200943,-0.7404435,-0.09541732,-0.66882855,-0.5332635,0.58646876,0.12168967,-0.40744466,0.122000374,-1.1820769,-0.29030305,-0.8706956,-0.31123593,-0.33969694,-0.17007114,1.0225084,-0.35094357,0.3450387,0.694026,0.17522548,-0.1188157,-0.90111923,-0.91435814
s3://p8ocrbucket/img_cloud/Tomato 1/197_100.jpg,Tomato 1,5.0750613,-14.366322,3.5360503,8.944177,-4.414431,0.39558843,0.8618789,0.8472361,-2.1189246,1.7581726,2.309929,1.8506967,0.8500534,-1.06092,2.93539,0.5640886,-2.7169695,1.8904462,0.59007525,1.3080668,3.3713014,-0.45762673,2.9336388,-0.30701402,1.5660433,-1.2615038,-1.0077541,2.606769,0.08423952,1.5047393,1.3662885,-0.32136276,-1.9715246,-2.6136994,-0.5869804,1.8322827,2.7535965,0.42236507,-0.9067259,0.57455456,-1.366074,-2.9853165,1.4756675,0.896712,-0.53741986,-1.821387,-0.5620532,2.0930536,-1.2719737,-0.3994496,0.6353847,-0.077648364,0.05739579,0.3625193,-0.054417808,-0.009349777,0.6384661,-0.8242767,0.12932816,0.3597735,-0.11809991,-0.25008404,-0.09103769,0.18284132,0.1908254,0.44295815,-0.13876659,0.0005972279,0.109383024,-0.2817524,-0.59151906,0.29103503,-0.06631943,0.18455936,-0.07168763,-0.41136512,-0.36880404,0.6046958,-0.36350495,0.20336975,1.0392153,-0.35145956,0.77857745,0.44369927,-0.5963879,0.5273086,-0.7015707,0.16361836,0.2254813,0.10027123,-0.22344261,-0.2129612,0.14555201,-0.24152845,-0.13734916,0.028633013,-0.088369265,-0.12522803,0.7287319,0.01322934,0.10348665,0.06945482,-0.60827816,-0.30453435,-0.46762985,0.18025291,0.15677035,-0.5640402,0.41389096,-0.15419097,0.5557508,0.18174665,-0.08569317,0.44761604,-0.13660204,-0.15200943,-0.7404435,-0.09541732,-0.66882855,-0.5332635,0.58646876,0.12168967,-0.40744466,0.122000374,-1.1820769,-0.29030305,-0.8706956,-0.31123593,-0.33969694,-0.17007114,1.0225084,-0.35094357,0.3450387,0.694026,0.17522548,-0.1188157,-0.90111923,-0.91435814
s3://p8ocrbucket/img_cloud/Banana Red/240_100.jpg,Banana Red,-2.6576886,-11.596499,-9.985853,0.8514824,2.838345,2.6137671,4.8066387,7.9504886,-2.8785803,-6.403758,3.3103654,8.819905,-6.383702,4.247703,4.2242837,-3.0674376,-3.8201861,3.8603697,0.36603236,1.787349,3.9372184,-0.75749284,1.5536671,-0.66136986,1.1797981,-1.0357985,-1.4271479,2.2581935,-0.99082476,1.7121131,1.5595509,0.123271435,-0.90291196,-1.2378762,0.9174617,1.9988773,2.6462295,0.9644647,-2.4104164,0.188492,-0.84750336,-0.9273856,0.7175356,-0.91082704,1.6867746,-1.8942318,0.04489322,1.5813249,-1.0814941,-0.3994496,0.6353847,-0.077648364,0.05739579,0.3625193,-0.054417808,-0.009349777,0.6384661,-0.8242767,0.12932816,0.3597735,-0.11809991,-0.25008404,-0.09103769,0.18284132,0.1908254,0.44295815,-0.13876659,0.0005972279,0.109383024,-0.2817524,-0.59151906,0.29103503,-0.06631943,0.18455936,-0.07168763,-0.41136512,-0.36880404,0.6046958,-0.36350495,0.20336975,1.0392153,-0.35145956,0.77857745,0.44369927,-0.5963879,0.5273086,-0.7015707,0.16361836,0.2254813,0.10027123,-0.22344261,-0.2129612,0.14555201,-0.24152845,-0.13734916,0.028633013,-0.088369265,-0.12522803,0.7287319,0.01322934,0.10348665,0.06945482,-0.60827816,-0.30453435,-0.46762985,0.18025291,0.15677035,-0.5640402,0.41389096,-0.15419097,0.5557508,0.18174665,-0.08569317,0.44761604,-0.13660204,-0.15200943,-0.7404435,-0.09541732,-0.66882855,-0.5332635,0.58646876,0.12168967,-0.40744466,0.122000374,-1.1820769,-0.29030305,-0.8706956,-0.31123593,-0.33969694,-0.17007114,1.0225084,-0.35094357,0.3450387,0.694026,0.17522548,-0.1188157,-0.90111923,-0.91435814
s3://p8ocrbucket/img_cloud/Peach/4_100.jpg,Peach,3.6647775,-1.6527648,-2.86553,8.144962,7.7210135,-1.19988,1.5440483,2.0802143,-0.7966985,1.3008659,4.962747,2.4821205,1.4396307,2.1888459,1.4434716,-0.004116068,-1.0071585,-0.30648708,4.5422606,0.67971283,1.2811425,-2.9905014,0.473768,1.1620114,2.8105993,1.2440032,-1.7554327,5.4760175,0.6732193,1.5353508,1.4418406,-1.3134973,-2.9754453,-2.173913,1.1500002,1.3410822,2.3532481,-0.8095388,-1.517284,-0.021379951,0.09466436,-0.87779653,0.36509067,-1.2354112,2.5666745,-1.3993052,0.28208035,1.7248261,-1.4312752,-0.3994496,0.6353847,-0.077648364,0.05739579,0.3625193,-0.054417808,-0.009349777,0.6384661,-0.8242767,0.12932816,0.3597735,-0.11809991,-0.25008404,-0.09103769,0.18284132,0.1908254,0.44295815,-0.13876659,0.0005972279,0.109383024,-0.2817524,-0.59151906,0.29103503,-0.06631943,0.18455936,-0.07168763,-0.41136512,-0.36880404,0.6046958,-0.36350495,0.20336975,1.0392153,-0.35145956,0.77857745,0.44369927,-0.5963879,0.5273086,-0.7015707,0.16361836,0.2254813,0.10027123,-0.22344261,-0.2129612,0.14555201,-0.24152845,-0.13734916,0.028633013,-0.088369265,-0.12522803,0.7287319,0.01322934,0.10348665,0.06945482,-0.60827816,-0.30453435,-0.46762985,0.18025291,0.15677035,-0.5640402,0.41389096,-0.15419097,0.5557508,0.18174665,-0.08569317,0.44761604,-0.13660204,-0.15200943,-0.7404435,-0.09541732,-0.66882855,-0.5332635,0.58646876,0.12168967,-0.40744466,0.122000374,-1.1820769,-0.29030305,-0.8706956,-0.31123593,-0.33969694,-0.17007114,1.0225084,-0.35094357,0.3450387,0.694026,0.17522548,-0.1188157,-0.90111923,-0.91435814
s3://p8ocrbucket/img_cloud/Beetroot/130_100.jpg,Beetroot,-10.008346,-6.536685,-12.403179,17.617086,0.8723183,2.6815572,10.774389,-0.09758108,-0.6387168,5.070434,3.1230934,3.679367,0.28342077,-3.02228,-0.26483095,-1.2558957,-0.8828724,4.2162704,5.8792634,6.3173923,2.4921372,-0.5813515,1.2400246,-1.2078182,1.7277244,-1.7860161,-1.5645391,0.80272734,-0.52761865,2.153095,1.9144002,0.2519163,-1.6945056,-0.97914016,0.85437715,2.097518,2.714495,0.7967285,-2.2837462,0.32508707,-1.0033916,-0.7909721,1.0333915,-0.7773166,1.6189,-2.0164337,0.011463121,1.623128,-1.0737883,-0.3994496,0.6353847,-0.077648364,0.05739579,0.3625193,-0.054417808,-0.009349777,0.6384661,-0.8242767,0.12932816,0.3597735,-0.11809991,-0.25008404,-0.09103769,0.18284132,0.1908254,0.44295815,-0.13876659,0.0005972279,0.109383024,-0.2817524,-0.59151906,0.29103503,-0.06631943,0.18455936,-0.07168763,-0.41136512,-0.36880404,0.6046958,-0.36350495,0.20336975,1.0392153,-0.35145956,0.77857745,0.44369927,-0.5963879,0.5273086,-0.7015707,0.16361836,0.2254813,0.10027123,-0.22344261,-0.2129612,0.14555201,-0.24152845,-0.13734916,0.028633013,-0.088369265,-0.12522803,0.7287319,0.01322934,0.10348665,0.06945482,-0.60827816,-0.30453435,-0.46762985,0.18025291,0.15677035,-0.5640402,0.41389096,-0.15419097,0.5557508,0.18174665,-0.08569317,0.44761604,-0.13660204,-0.15200943,-0.7404435,-0.09541732,-0.66882855,-0.5332635,0.58646876,0.12168967,-0.40744466,0.122000374,-1.1820769,-0.29030305,-0.8706956,-0.31123593,-0.33969694,-0.17007114,1.0225084,-0.35094357,0.3450387,0.694026,0.17522548,-0.1188157,-0.90111923,-0.91435814
s3://p8ocrbucket/img_cloud/Pineapple/r_75_100.jpg,Pineapple,-13.121684,0.2740987,4.9683685,3.836671,2.1747873,-1.7004023,2.4049714,2.193936,-3.5873923,-0.47751614,4.987765,6.2755384,-3.0622547,-6.2105007,-1.0008467,0.14007455,0.22396584,0.9769662,2.1723318,0.65677917,3.9836524,-0.7169712,3.3363814,-1.1206479,-1.574649,-3.075239,-0.5196422,3.3948832,1.8316401,-0.649046,1.7087686,0.44857365,-0.9488629,-2.4691393,1.4318407,1.7653658,4.458014,1.0414333,-1.2166739,-0.27846962,-0.55114967,-0.97875446,1.0491755,-0.65863687,2.5725558,-1.970455,0.2073434,1.5239635,-1.0815036,-0.3994496,0.6353847,-0.077648364,0.05739579,0.3625193,-0.054417808,-0.009349777,0.6384661,-0.8242767,0.12932816,0.3597735,-0.11809991,-0.25008404,-0.09103769,0.18284132,0.1908254,0.44295815,-0.13876659,0.0005972279,0.109383024,-0.2817524,-0.59151906,0.29103503,-0.06631943,0.18455936,-0.07168763,-0.41136512,-0.36880404,0.6046958,-0.36350495,0.20336975,1.0392153,-0.35145956,0.77857745,0.44369927,-0.5963879,0.5273086,-0.7015707,0.16361836,0.2254813,0.10027123,-0.22344261,-0.2129612,0.14555201,-0.24152845,-0.13734916,0.028633013,-0.088369265,-0.12522803,0.7287319,0.01322934,0.10348665,0.06945482,-0.60827816,-0.30453435,-0.46762985,0.18025291,0.15677035,-0.5640402,0.41389096,-0.15419097,0.5557508,0.18174665,-0.08569317,0.44761604,-0.13660204,-0.15200943,-0.7404435,-0.09541732,-0.66882855,-0.5332635,0.58646876,0.12168967,-0.40744466,0.122000374,-1.1820769,-0.29030305,-0.8706956,-0.31123593,-0.33969694,-0.17007114,1.0225084,-0.35094357,0.3450387,0.694026,0.17522548,-0.1188157,-0.90111923,-0.91435814
s3://p8ocrbucket/img_cloud/Tomato 1/r_220_100.jpg,Tomato 1,4.773657,-15.751169,2.9866827,10.390971,-5.1314545,-0.58344203,0.5187666,0.60197437,-4.1292615,-0.16425277,1.6127548,4.6807685,-1.0225209,1.6349429,1.8479875,-0.19080259,1.3325906,4.4712596,7.592954,-0.7187576,3.8967385,2.3792877,1.5675505,4.2567515,-2.5873873,-1.3384402,-2.299422,2.2487493,-0.107623234,2.2214136,1.7547221,0.3427206,-1.0307895,-1.4257474,0.37736937,2.6941395,2.467968,0.50097656,-2.0996878,0.64781773,-1.1614211,-0.5728756,0.8461888,-1.140847,2.264856,-1.8423762,0.24306196,1.7430811,-0.9978693,-0.3994496,0.6353847,-0.077648364,0.05739579,0.3625193,-0.054417808,-0.009349777,0.6384661,-0.8242767,0.12932816,0.3597735,-0.11809991,-0.25008404,-0.09103769,0.18284132,0.1908254,0.44295815,-0.13876659,0.0005972279,0.109383024,-0.2817524,-0.59151906,0.29103503,-0.06631943,0.18455936,-0.07168763,-0.41136512,-0.36880404,0.6046958,-0.36350495,0.20336975,1.0392153,-0.35145956,0.77857745,0.44369927,-0.5963879,0.5273086,-0.7015707,0.16361836,0.2254813,0.10027123,-0.22344261,-0.2129612,0.14555201,-0.24152845,-0.13734916,0.028633013,-0.088369265,-0.12522803,0.7287319,0.01322934,0.10348665,0.06945482,-0.60827816,-0.30453435,-0.46762985,0.18025291,0.15677035,-0.5640402,0.41389096,-0.15419097,0.5557508,0.18174665,-0.08569317,0.44761604,-0.13660204,-0.15200943,-0.7404435,-0.09541732,-0.66882855,-0.5332635,0.58646876,0.12168967,-0.40744466,0.122000374,-1.1820769,-0.29030305,-0.8706956,-0.31123593,-0.33969694,-0.17007114,1.0225084,-0.35094357,0.3450387,0.694026,0.17522548,-0.1188157,-0.90111923,-0.91435814
s3://p8ocrbucket/img_cloud/Beetroot/r2_66_100.jpg,Beetroot,-3.4129283,-1.7143763,-7.223876,11.92043,2.9476385,-0.5719629,-0.8571782,-2.9221752,-1.0564176,-7.2566257,-2.3925622,2.6011941,0.98847234,-1.7993859,-0.20845039,-1.6077925,-2.4783409,7.8633513,3.1348915,-1.3058124,0.13226658,3.5337064,4.0544753,-1.8399323,2.6398401,-0.38874632,-0.3376777,3.2689786,1.3456162,1.7224883,1.0690933,-0.1444491,-1.9767219,-1.6591396,1.559136,1.8872515,3.0878594,0.45531976,-1.8775089,0.31302276,-1.0805013,-1.0335752,0.75138706,-0.9592808,1.6925611,-1.7350818,0.19066143,1.6923659,-1.06128,-0.3994496,0.6353847,-0.077648364,0.05739579,0.3625193,-0.054417808,-0.009349777,0.6384661,-0.8242767,0.12932816,0.3597735,-0.11809991,-0.25008404,-0.09103769,0.18284132,0.1908254,0.44295815,-0.13876659,0.0005972279,0.109383024,-0.2817524,-0.59151906,0.29103503,-0.06631943,0.18455936,-0.07168763,-0.41136512,-0.36880404,0.6046958,-0.36350495,0.20336975,1.0392153,-0.35145956,0.77857745,0.44369927,-0.5963879,0.5273086,-0.7015707,0.16361836,0.2254813,0.10027123,-0.22344261,-0.2129612,0.14555201,-0.24152845,-0.13734916,0.028633013,-0.088369265,-0.12522803,0.7287319,0.01322934,0.10348665,0.06945482,-0.60827816,-0.30453435,-0.46762985,0.18025291,0.15677035,-0.5640402,0.41389096,-0.15419097,0.5557508,0.18174665,-0.08569317,0.44761604,-0.13660204,-0.15200943,-0.7404435,-0.09541732,-0.66882855,-0.5332635,0.58646876,0.12168967,-0.40744466,0.122000374,-1.1820769,-0.29030305,-0.8706956,-0.31123593,-0.33969694,-0.17007114,1.0225084,-0.35094357,0.3450387,0.694026,0.17522548,-0.1188157,-0.90111923,-0.91435814
s3://p8ocrbucket/img_cloud/Kumquats/151_100.jpg,Kumquats,3.8519886,2.5512972,-1.1955599,2.6595407,2.852341,4.586856,3.747801,1.9834174,-0.4052281,3.3577197,-0.9089526,4.4331107,-1.1157227,0.7031817,2.2541094,0.04014807,1.527423,2.6224098,2.8760881,0.7462337,3.8113759,0.4209856,2.311128,-0.6582731,2.3057363,-0.23732533,-3.087671,2.6489644,1.5787007,1.3958457,0.08622319,0.5281043,-1.3135115,-1.9946852,0.0629578,1.8716878,3.8020031,-0.41700563,-2.3739445,0.20692179,-2.8853817,-1.7097523,0.8406713,-1.7901139,1.2747636,-3.7212532,0.9657966,1.0408348,0.18967424,-0.3994496,0.6353847,-0.077648364,0.05739579,0.3625193,-0.054417808,-0.009349777,0.6384661,-0.8242767,0.12932816,0.3597735,-0.11809991,-0.25008404,-0.09103769,0.18284132,0.1908254,0.44295815,-0.13876659,0.0005972279,0.109383024,-0.2817524,-0.59151906,0.29103503,-0.06631943,0.18455936,-0.07168763,-0.41136512,-0.36880404,0.6046958,-0.36350495,0.20336975,1.0392153,-0.35145956,0.77857745,0.44369927,-0.5963879,0.5273086,-0.7015707,0.16361836,0.2254813,0.10027123,-0.22344261,-0.2129612,0.14555201,-0.24152845,-0.13734916,0.028633013,-0.088369265,-0.12522803,0.7287319,0.01322934,0.10348665,0.06945482,-0.60827816,-0.30453435,-0.46762985,0.18025291,0.15677035,-0.5640402,0.41389096,-0.15419097,0.5557508,0.18174665,-0.08569317,0.44761604,-0.13660204,-0.15200943,-0.7404435,-0.09541732,-0.66882855,-0.5332635,0.58646876,0.12168967,-0.40744466,0.122000374,-1.1820769,-0.29030305,-0.8706956,-0.31123593,-0.33969694,-0.17007114,1.0225084,-0.35094357,0.3450387,0.694026,0.17522548,-0.1188157,-0.90111923,-0.91435814
s3://p8ocrbucket/img_cloud/Pineapple/r_208_100.jpg,Pineapple,-11.961662,0.030178951,5.704664,4.475392,3.0371993,-0.46869567,1.5496494,1.1954659,-3.8140614,-0.5828506,6.3832474,5.2896304,-2.7479079,-5.5286236,-0.5122935,1.0045667,1.0397389,2.4438403,1.5517323,-0.04619994,3.505495,1.2480007,3.2010076,0.46134892,2.486807,1.1996561,-1.8912575,2.512029,-1.7588924,4.612231,1.8625331,-0.33498108,-1.4717643,-1.3181379,0.4971322,1.528406,0.06954079,0.5211409,-3.3533256,0.6520286,-1.4825838,-0.53910226,0.51418316,-1.2823911,0.80098736,-2.1089802,-0.24282347,1.4919508,-0.98639935,-0.3994496,0.6353847,-0.077648364,0.05739579,0.3625193,-0.054417808,-0.009349777,0.6384661,-0.8242767,0.12932816,0.3597735,-0.11809991,-0.25008404,-0.09103769,0.18284132,0.1908254,0.44295815,-0.13876659,0.0005972279,0.109383024,-0.2817524,-0.59151906,0.29103503,-0.06631943,0.18455936,-0.07168763,-0.41136512,-0.36880404,0.6046958,-0.36350495,0.20336975,1.0392153,-0.35145956,0.77857745,0.44369927,-0.5963879,0.5273086,-0.7015707,0.16361836,0.2254813,0.10027123,-0.22344261,-0.2129612,0.14555201,-0.24152845,-0.13734916,0.028633013,-0.088369265,-0.12522803,0.7287319,0.01322934,0.10348665,0.06945482,-0.60827816,-0.30453435,-0.46762985,0.18025291,0.15677035,-0.5640402,0.41389096,-0.15419097,0.5557508,0.18174665,-0.08569317,0.44761604,-0.13660204,-0.15200943,-0.7404435,-0.09541732,-0.66882855,-0.5332635,0.58646876,0.12168967,-0.40744466,0.122000374,-1.1820769,-0.29030305,-0.8706956,-0.31123593,-0.33969694,-0.17007114,1.0225084,-0.35094357,0.3450387,0.694026,0.17522548,-0.1188157,-0.90111923,-0.91435814
s3://p8ocrbucket/img_cloud/Apple Golden 3/3_100.jpg,Apple Golden 3,2.5746644,3.9944983,-3.0502176,5.459622,-5.3033843,-2.9493992,2.4271805,0.7612337,-0.20506038,-1.2916968,3.1992412,3.5049448,1.8583685,-0.49737868,1.6960754,-0.26549733,-0.34741527,1.9080061,1.8657186,0.31097215,5.25031,0.67125684,0.2928147,-0.77838945,1.5129896,1.7254024,-0.38001037,1.4434879,0.7029117,1.8059522,2.7547748,0.5749363,-1.7027196,1.9378643,-0.67548025,-0.12617569,3.5365672,2.3953507,-1.6927301,1.5537902,-1.1804246,-1.3838348,1.5912383,-0.77477235,2.6588194,-1.8093871,0.45213518,1.3111671,-1.1888787,-0.3994496,0.6353847,-0.077648364,0.05739579,0.3625193,-0.054417808,-0.009349777,0.6384661,-0.8242767,0.12932816,0.3597735,-0.11809991,-0.25008404,-0.09103769,0.18284132,0.1908254,0.44295815,-0.13876659,0.0005972279,0.109383024,-0.2817524,-0.59151906,0.29103503,-0.06631943,0.18455936,-0.07168763,-0.41136512,-0.36880404,0.6046958,-0.36350495,0.20336975,1.0392153,-0.35145956,0.77857745,0.44369927,-0.5963879,0.5273086,-0.7015707,0.16361836,0.2254813,0.10027123,-0.22344261,-0.2129612,0.14555201,-0.24152845,-0.13734916,0.028633013,-0.088369265,-0.12522803,0.7287319,0.01322934,0.10348665,0.06945482,-0.60827816,-0.30453435,-0.46762985,0.18025291,0.15677035,-0.5640402,0.41389096,-0.15419097,0.5557508,0.18174665,-0.08569317,0.44761604,-0.13660204,-0.15200943,-0.7404435,-0.09541732,-0.66882855,-0.5332635,0.58646876,0.12168967,-0.40744466,0.122000374,-1.1820769,-0.29030305,-0.8706956,-0.31123593,-0.33969694,-0.17007114,1.0225084,-0.35094357,0.3450387,0.694026,0.17522548,-0.1188157,-0.90111923,-0.91435814
s3://p8ocrbucket/img_cloud/Apple Pink Lady/293_100.jpg,Apple Pink Lady,6.27583,0.2001911,-1.3826816,5.306054,1.9975195,-4.1055923,5.1906667,0.6223722,3.1091096,-0.088978946,3.2994,3.242257,-0.036794774,0.854841,0.8940023,1.8886392,-0.26730794,5.0361013,0.80369306,1.777111,3.4663715,0.2825193,3.7310216,-1.1864516,-0.99492097,-3.0632353,-2.7069807,1.9112669,0.37197018,3.086964,1.4854815,-1.0466837,-0.9143258,-2.1575181,0.038204636,1.3889021,2.2389727,-0.56715053,-2.4094467,1.4865599,0.47370684,-1.1314743,1.1502521,-0.9910496,1.2947319,-1.0095283,1.3205681,-0.43345016,-1.3231282,-0.3994496,0.6353847,-0.077648364,0.05739579,0.3625193,-0.054417808,-0.009349777,0.6384661,-0.8242767,0.12932816,0.3597735,-0.11809991,-0.25008404,-0.09103769,0.18284132,0.1908254,0.44295815,-0.13876659,0.0005972279,0.109383024,-0.2817524,-0.59151906,0.29103503,-0.06631943,0.18455936,-0.07168763,-0.41136512,-0.36880404,0.6046958,-0.36350495,0.20336975,1.0392153,-0.35145956,0.77857745,0.44369927,-0.5963879,0.5273086,-0.7015707,0.16361836,0.2254813,0.10027123,-0.22344261,-0.2129612,0.14555201,-0.24152845,-0.13734916,0.028633013,-0.088369265,-0.12522803,0.7287319,0.01322934,0.10348665,0.06945482,-0.60827816,-0.30453435,-0.46762985,0.18025291,0.15677035,-0.5640402,0.41389096,-0.15419097,0.5557508,0.18174665,-0.08569317,0.44761604,-0.13660204,-0.15200943,-0.7404435,-0.09541732,-0.66882855,-0.5332635,0.58646876,0.12168967,-0.40744466,0.122000374,-1.1820769,-0.29030305,-0.8706956,-0.31123593,-0.33969694,-0.17007114,1.0225084,-0.35094357,0.3450387,0.694026,0.17522548,-0.1188157,-0.90111923,-0.91435814
s3://p8ocrbucket/img_cloud/Kumquats/0_100.jpg,Kumquats,4.735486,3.6008565,-0.7964033,2.6759777,0.9846969,5.3982587,4.262586,-0.2783388,-1.9539825,2.0022757,-1.3878835,2.7952278,-1.7188658,-0.05552954,1.5138311,0.9958353,-0.04926624,4.0849466,2.2036746,0.78628594,4.240783,0.35860154,1.7945696,-0.21646845,1.792734,-0.8865511,-0.86479044,1.9865716,0.6346297,1.219518,1.5313301,0.3825954,-0.8607949,-1.7911721,0.91651714,2.2190704,0.2308378,1.2211491,-0.938737,-0.06158748,1.1274004,-0.5363332,1.8986487,-0.10038317,2.410721,-0.957354,-0.8293499,1.6486729,0.5291545,-0.3994496,0.6353847,-0.077648364,0.05739579,0.3625193,-0.054417808,-0.009349777,0.6384661,-0.8242767,0.12932816,0.3597735,-0.11809991,-0.25008404,-0.09103769,0.18284132,0.1908254,0.44295815,-0.13876659,0.0005972279,0.109383024,-0.2817524,-0.59151906,0.29103503,-0.06631943,0.18455936,-0.07168763,-0.41136512,-0.36880404,0.6046958,-0.36350495,0.20336975,1.0392153,-0.35145956,0.77857745,0.44369927,-0.5963879,0.5273086,-0.7015707,0.16361836,0.2254813,0.10027123,-0.22344261,-0.2129612,0.14555201,-0.24152845,-0.13734916,0.028633013,-0.088369265,-0.12522803,0.7287319,0.01322934,0.10348665,0.06945482,-0.60827816,-0.30453435,-0.46762985,0.18025291,0.15677035,-0.5640402,0.41389096,-0.15419097,0.5557508,0.18174665,-0.08569317,0.44761604,-0.13660204,-0.15200943,-0.7404435,-0.09541732,-0.66882855,-0.5332635,0.58646876,0.12168967,-0.40744466,0.122000374,-1.1820769,-0.29030305,-0.8706956,-0.31123593,-0.33969694,-0.17007114,1.0225084,-0.35094357,0.3450387,0.694026,0.17522548,-0.1188157,-0.90111923,-0.91435814
s3://p8ocrbucket/img_cloud/Apple Golden 3/r_48_100.jpg,Apple Golden 3,0.24340864,4.092278,-7.2684174,5.046666,-4.1227255,-10.326418,4.6248484,4.64211,-6.4422097,3.9088626,-2.1065993,5.2538433,-0.9884391,-0.83754593,2.3742998,4.4123907,-3.9284139,4.334949,3.0560174,1.5260876,0.6972726,-1.8343598,5.4468155,-0.030762238,-0.009310177,1.7921215,-2.381546,2.6856828,0.11180232,1.6258583,1.4880939,0.9076916,0.65541863,-0.9125722,0.32634404,1.8780315,2.6087956,0.21854171,-2.2280948,-0.15087949,-0.85190797,-0.91239166,0.60833055,-0.7724888,1.7193222,-1.7978443,0.053965557,1.9482471,-0.9267071,-0.3994496,0.6353847,-0.077648364,0.05739579,0.3625193,-0.054417808,-0.009349777,0.6384661,-0.8242767,0.12932816,0.3597735,-0.11809991,-0.25008404,-0.09103769,0.18284132,0.1908254,0.44295815,-0.13876659,0.0005972279,0.109383024,-0.2817524,-0.59151906,0.29103503,-0.06631943,0.18455936,-0.07168763,-0.41136512,-0.36880404,0.6046958,-0.36350495,0.20336975,1.0392153,-0.35145956,0.77857745,0.44369927,-0.5963879,0.5273086,-0.7015707,0.16361836,0.2254813,0.10027123,-0.22344261,-0.2129612,0.14555201,-0.24152845,-0.13734916,0.028633013,-0.088369265,-0.12522803,0.7287319,0.01322934,0.10348665,0.06945482,-0.60827816,-0.30453435,-0.46762985,0.18025291,0.15677035,-0.5640402,0.41389096,-0.15419097,0.5557508,0.18174665,-0.08569317,0.44761604,-0.13660204,-0.15200943,-0.7404435,-0.09541732,-0.66882855,-0.5332635,0.58646876,0.12168967,-0.40744466,0.122000374,-1.1820769,-0.29030305,-0.8706956,-0.31123593,-0.33969694,-0.17007114,1.0225084,-0.35094357,0.3450387,0.694026,0.17522548,-0.1188157,-0.90111923,-0.91435814
s3://p8ocrbucket/img_cloud/Banana Red/88_100.jpg,Banana Red,-1.001849,-12.8162775,-5.8334665,2.6165617,1.5073715,3.3730974,4.9670186,9.187983,1.394332,-0.48034167,-0.49694216,10.775365,9.451029,-3.574883,0.053511735,4.175571,-0.9881424,3.5092175,2.674916,-0.91494524,4.1520333,0.35845292,1.1118062,-1.2459034,0.29528186,-0.5028981,-0.9446342,2.6660728,0.08418103,2.2006936,0.96991867,0.23404615,-1.2937293,-1.9182111,0.79939276,2.1150236,2.028149,0.5337228,-1.8775061,0.42429432,-0.6795687,-0.77187914,0.6245534,-0.8813948,1.7326632,-1.9522344,0.13752194,1.6158153,-0.9760131,-0.3994496,0.6353847,-0.077648364,0.05739579,0.3625193,-0.054417808,-0.009349777,0.6384661,-0.8242767,0.12932816,0.3597735,-0.11809991,-0.25008404,-0.09103769,0.18284132,0.1908254,0.44295815,-0.13876659,0.0005972279,0.109383024,-0.2817524,-0.59151906,0.29103503,-0.06631943,0.18455936,-0.07168763,-0.41136512,-0.36880404,0.6046958,-0.36350495,0.20336975,1.0392153,-0.35145956,0.77857745,0.44369927,-0.5963879,0.5273086,-0.7015707,0.16361836,0.2254813,0.10027123,-0.22344261,-0.2129612,0.14555201,-0.24152845,-0.13734916,0.028633013,-0.088369265,-0.12522803,0.7287319,0.01322934,0.10348665,0.06945482,-0.60827816,-0.30453435,-0.46762985,0.18025291,0.15677035,-0.5640402,0.41389096,-0.15419097,0.5557508,0.18174665,-0.08569317,0.44761604,-0.13660204,-0.15200943,-0.7404435,-0.09541732,-0.66882855,-0.5332635,0.58646876,0.12168967,-0.40744466,0.122000374,-1.1820769,-0.29030305,-0.8706956,-0.31123593,-0.33969694,-0.17007114,1.0225084,-0.35094357,0.3450387,0.694026,0.17522548,-0.1188157,-0.90111923,-0.91435814
s3://p8ocrbucket/img_cloud/Clementine/r_75_100.jpg,Clementine,4.544064,-5.1436205,-0.78633404,3.4153917,4.4165764,-2.5719664,8.133325,-0.84630406,-8.637035,-1.873323,-0.33699927,4.6148734,2.690098,-0.3694572,-0.34229997,-2.1416328,1.1823698,-0.08174245,1.0750849,2.0958643,0.9226988,3.0152848,0.20061466,-1.8586047,1.4168724,-1.1146027,-4.932448,3.0610425,0.26373973,1.7766948,1.092021,-0.28088242,1.2711054,-2.1496997,-0.017167509,2.1599884,2.6336157,1.3483636,-1.614096,1.7986661,-0.8393603,-0.7453383,0.4491322,-0.54024124,1.9034634,-1.5916109,-0.09940322,1.9331821,-1.1705012,-0.3994496,0.6353847,-0.077648364,0.05739579,0.3625193,-0.054417808,-0.009349777,0.6384661,-0.8242767,0.12932816,0.3597735,-0.11809991,-0.25008404,-0.09103769,0.18284132,0.1908254,0.44295815,-0.13876659,0.0005972279,0.109383024,-0.2817524,-0.59151906,0.29103503,-0.06631943,0.18455936,-0.07168763,-0.41136512,-0.36880404,0.6046958,-0.36350495,0.20336975,1.0392153,-0.35145956,0.77857745,0.44369927,-0.5963879,0.5273086,-0.7015707,0.16361836,0.2254813,0.10027123,-0.22344261,-0.2129612,0.14555201,-0.24152845,-0.13734916,0.028633013,-0.088369265,-0.12522803,0.7287319,0.01322934,0.10348665,0.06945482,-0.60827816,-0.30453435,-0.46762985,0.18025291,0.15677035,-0.5640402,0.41389096,-0.15419097,0.5557508,0.18174665,-0.08569317,0.44761604,-0.13660204,-0.15200943,-0.7404435,-0.09541732,-0.66882855,-0.5332635,0.58646876,0.12168967,-0.40744466,0.122000374,-1.1820769,-0.29030305,-0.8706956,-0.31123593,-0.33969694,-0.17007114,1.0225084,-0.35094357,0.3450387,0.694026,0.17522548,-0.1188157,-0.90111923,-0.91435814
s3://p8ocrbucket/img_cloud/Clementine/0_100.jpg,Clementine,9.398405,-7.12608,1.1624985,5.599329,1.4765197,-2.4989681,8.159419,-3.588061,-7.8991394,-3.8249304,3.4390152,3.2188137,-0.93788475,-2.8248596,3.508791,2.7831137,-1.5530682,6.3436937,5.7837625,-0.21206783,7.3569345,-2.0171046,-0.22424203,-4.6105785,0.62719923,0.42234558,-2.3761647,2.9437442,0.06585667,2.3077164,0.75478,0.1570522,-1.4800054,-2.404303,0.6788002,1.0568538,2.5781283,0.20472011,-1.9786009,-0.305612,-0.7983714,-0.92336303,0.55194455,-0.84958816,1.6259223,-2.1219842,0.044382457,1.4764192,-1.0792793,-0.3994496,0.6353847,-0.077648364,0.05739579,0.3625193,-0.054417808,-0.009349777,0.6384661,-0.8242767,0.12932816,0.3597735,-0.11809991,-0.25008404,-0.09103769,0.18284132,0.1908254,0.44295815,-0.13876659,0.0005972279,0.109383024,-0.2817524,-0.59151906,0.29103503,-0.06631943,0.18455936,-0.07168763,-0.41136512,-0.36880404,0.6046958,-0.36350495,0.20336975,1.0392153,-0.35145956,0.77857745,0.44369927,-0.5963879,0.5273086,-0.7015707,0.16361836,0.2254813,0.10027123,-0.22344261,-0.2129612,0.14555201,-0.24152845,-0.13734916,0.028633013,-0.088369265,-0.12522803,0.7287319,0.01322934,0.10348665,0.06945482,-0.60827816,-0.30453435,-0.46762985,0.18025291,0.15677035,-0.5640402,0.41389096,-0.15419097,0.5557508,0.18174665,-0.08569317,0.44761604,-0.13660204,-0.15200943,-0.7404435,-0.09541732,-0.66882855,-0.5332635,0.58646876,0.12168967,-0.40744466,0.122000374,-1.1820769,-0.29030305,-0.8706956,-0.31123593,-0.33969694,-0.17007114,1.0225084,-0.35094357,0.3450387,0.694026,0.17522548,-0.1188157,-0.90111923,-0.91435814
s3://p8ocrbucket/img_cloud/Banana Red/r_273_100.jpg,Banana Red,-3.6448965,-9.814179,-8.208549,-2.9921799,1.8276025,-1.0634935,3.624469,10.248337,-5.342254,-0.9968049,3.0527062,-8.807276,1.5152106,-1.0520852,-0.8326673,0.6592254,1.2361888,4.803867,2.383006,1.0196028,4.038467,0.07362035,1.9305505,-0.34031254,0.79265654,-0.7535969,-1.5184432,1.9305819,0.8766559,2.2441995,1.9660779,0.5196439,-0.9768284,-1.9296582,1.1951307,1.9456267,2.673293,0.7233645,-2.1604557,0.22193326,-1.19912,-0.8763547,0.8204331,-0.9479999,1.7882612,-1.9294987,0.06524604,1.5197377,-1.0300165,-0.3994496,0.6353847,-0.077648364,0.05739579,0.3625193,-0.054417808,-0.009349777,0.6384661,-0.8242767,0.12932816,0.3597735,-0.11809991,-0.25008404,-0.09103769,0.18284132,0.1908254,0.44295815,-0.13876659,0.0005972279,0.109383024,-0.2817524,-0.59151906,0.29103503,-0.06631943,0.18455936,-0.07168763,-0.41136512,-0.36880404,0.6046958,-0.36350495,0.20336975,1.0392153,-0.35145956,0.77857745,0.44369927,-0.5963879,0.5273086,-0.7015707,0.16361836,0.2254813,0.10027123,-0.22344261,-0.2129612,0.14555201,-0.24152845,-0.13734916,0.028633013,-0.088369265,-0.12522803,0.7287319,0.01322934,0.10348665,0.06945482,-0.60827816,-0.30453435,-0.46762985,0.18025291,0.15677035,-0.5640402,0.41389096,-0.15419097,0.5557508,0.18174665,-0.08569317,0.44761604,-0.13660204,-0.15200943,-0.7404435,-0.09541732,-0.66882855,-0.5332635,0.58646876,0.12168967,-0.40744466,0.122000374,-1.1820769,-0.29030305,-0.8706956,-0.31123593,-0.33969694,-0.17007114,1.0225084,-0.35094357,0.3450387,0.694026,0.17522548,-0.1188157,-0.90111923,-0.91435814
s3://p8ocrbucket/img_cloud/Peach/78_100.jpg,Peach,3.8895688,0.046009276,-4.1272597,9.2046585,10.263278,-0.43921807,-3.0611978,2.422939,-4.5939755,4.0102625,1.976811,3.6223783,1.6067928,-0.47407106,3.6830063,-0.82938445,-1.684992,2.9717226,2.9207826,-1.4165775,2.42984,-0.36493328,1.4204236,-2.3162434,-0.3267737,-2.0729911,-1.2180685,0.5758626,-0.7462858,3.1736524,2.1176953,-1.0500168,-0.075955704,-1.8223635,1.0283048,1.5582218,2.1137555,0.6547064,-3.4589193,-0.21001588,-1.8749957,-1.3399942,1.3714631,1.2650069,3.2653968,-2.588536,0.13629302,1.3434724,-1.0897408,-0.3994496,0.6353847,-0.077648364,0.05739579,0.3625193,-0.054417808,-0.009349777,0.6384661,-0.8242767,0.12932816,0.3597735,-0.11809991,-0.25008404,-0.09103769,0.18284132,0.1908254,0.44295815,-0.13876659,0.0005972279,0.109383024,-0.2817524,-0.59151906,0.29103503,-0.06631943,0.18455936,-0.07168763,-0.41136512,-0.36880404,0.6046958,-0.36350495,0.20336975,1.0392153,-0.35145956,0.77857745,0.44369927,-0.5963879,0.5273086,-0.7015707,0.16361836,0.2254813,0.10027123,-0.22344261,-0.2129612,0.14555201,-0.24152845,-0.13734916,0.028633013,-0.088369265,-0.12522803,0.7287319,0.01322934,0.10348665,0.06945482,-0.60827816,-0.30453435,-0.46762985,0.18025291,0.15677035,-0.5640402,0.41389096,-0.15419097,0.5557508,0.18174665,-0.08569317,0.44761604,-0.13660204,-0.15200943,-0.7404435,-0.09541732,-0.66882855,-0.5332635,0.58646876,0.12168967,-0.40744466,0.122000374,-1.1820769,-0.29030305,-0.8706956,-0.31123593,-0.33969694,-0.17007114,1.0225084,-0.35094357,0.3450387,0.694026,0.17522548,-0.1188157,-0.90111923,-0.91435814
s3://p8ocrbucket/img_cloud/Lemon/69_100.jpg,Lemon,3.83789,5.2098556,-2.5659945,3.6947052,-4.8651247,3.8705702,5.1066904,0.73327285,-4.3429165,0.58767945,2.0335894,3.6907458,1.5060419,1.253072,-1.7937511,0.2750749,-3.4611316,3.099542,2.5164144,-0.41438895,3.0220675,-0.23149386,2.4554083,-0.72838163,0.036494046,-1.3723627,-2.4455907,2.6075718,-0.7546729,2.1091273,2.084928,0.26021987,-1.8518151,-1.7776668,1.9650847,2.0285864,2.9075747,-0.053821277,-1.978906,1.1028907,-1.1017252,-1.3909198,1.1878692,-1.6174829,2.2641988,-3.0585442,-2.6808841,0.35423604,-1.6082572,-0.3994496,0.6353847,-0.077648364,0.05739579,0.3625193,-0.054417808,-0.009349777,0.6384661,-0.8242767,0.12932816,0.3597735,-0.11809991,-0.25008404,-0.09103769,0.18284132,0.1908254,0.44295815,-0.13876659,0.0005972279,0.109383024,-0.2817524,-0.59151906,0.29103503,-0.06631943,0.18455936,-0.07168763,-0.41136512,-0.36880404,0.6046958,-0.36350495,0.20336975,1.0392153,-0.35145956,0.77857745,0.44369927,-0.5963879,0.5273086,-0.7015707,0.16361836,0.2254813,0.10027123,-0.22344261,-0.2129612,0.14555201,-0.24152845,-0.13734916,0.028633013,-0.088369265,-0.12522803,0.7287319,0.01322934,0.10348665,0.06945482,-0.60827816,-0.30453435,-0.46762985,0.18025291,0.15677035,-0.5640402,0.41389096,-0.15419097,0.5557508,0.18174665,-0.08569317,0.44761604,-0.13660204,-0.15200943,-0.7404435,-0.09541732,-0.66882855,-0.5332635,0.58646876,0.12168967,-0.40744466,0.122000374,-1.1820769,-0.29030305,-0.8706956,-0.31123593,-0.33969694,-0.17007114,1.0225084,-0.35094357,0.3450387,0.694026,0.17522548,-0.1188157,-0.90111923,-0.91435814
s3://p8ocrbucket/img_cloud/Peach/r_66_100.jpg,Peach,3.6345706,-4.601283,-2.6948907,10.1545315,9.719116,-3.7467968,2.5470362,1.678334,-6.7221885,3.5208778,-0.24872833,5.429787,0.43647683,0.9872968,-3.3195276,0.6428912,-3.2500186,4.45438,-0.58182335,2.4070578,8.124966,3.0230718,1.9579303,-0.009496773,0.17692558,0.7220147,-2.5490994,2.1851273,1.3530104,0.72885686,4.0334706,-0.35283536,-3.0621946,-1.2950191,0.810667,2.6850035,2.3121634,-0.20713697,-2.0874033,-0.25159296,-1.1080664,-1.0676491,0.59428656,-0.83359367,1.7285558,-1.8981187,0.17798655,1.6301453,-1.0777805,-0.3994496,0.6353847,-0.077648364,0.05739579,0.3625193,-0.054417808,-0.009349777,0.6384661,-0.8242767,0.12932816,0.3597735,-0.11809991,-0.25008404,-0.09103769,0.18284132,0.1908254,0.44295815,-0.13876659,0.0005972279,0.109383024,-0.2817524,-0.59151906,0.29103503,-0.06631943,0.18455936,-0.07168763,-0.41136512,-0.36880404,0.6046958,-0.36350495,0.20336975,1.0392153,-0.35145956,0.77857745,0.44369927,-0.5963879,0.5273086,-0.7015707,0.16361836,0.2254813,0.10027123,-0.22344261,-0.2129612,0.14555201,-0.24152845,-0.13734916,0.028633013,-0.088369265,-0.12522803,0.7287319,0.01322934,0.10348665,0.06945482,-0.60827816,-0.30453435,-0.46762985,0.18025291,0.15677035,-0.5640402,0.41389096,-0.15419097,0.5557508,0.18174665,-0.08569317,0.44761604,-0.13660204,-0.15200943,-0.7404435,-0.09541732,-0.66882855,-0.5332635,0.58646876,0.12168967,-0.40744466,0.122000374,-1.1820769,-0.29030305,-0.8706956,-0.31123593,-0.33969694,-0.17007114,1.0225084,-0.35094357,0.3450387,0.694026,0.17522548,-0.1188157,-0.90111923,-0.91435814
s3://p8ocrbucket/img_cloud/Lemon/r_2_100.jpg,Lemon,1.6995094,4.280936,-5.842868,9.102232,-3.5738003,2.5253103,0.21895194,1.5960952,-8.4460945,-1.850782,7.583617,6.024541,3.5824761,1.9280549,1.9321078,2.6089368,1.5535799,4.3631988,1.0674009,2.9823647,3.7593327,0.32507104,1.9873055,-0.6693917,1.2920533,-1.2210857,-1.2937348,2.6358056,1.2773288,1.1588317,1.080129,-0.1412539,-0.48826414,-1.9671314,1.7004406,1.3890382,2.5124295,-0.9250398,-2.637728,0.16232353,-2.4143863,0.23755875,3.15326,-1.0434786,1.369688,-0.8706682,0.08856,1.9620427,-1.0860947,-0.3994496,0.6353847,-0.077648364,0.05739579,0.3625193,-0.054417808,-0.009349777,0.6384661,-0.8242767,0.12932816,0.3597735,-0.11809991,-0.25008404,-0.09103769,0.18284132,0.1908254,0.44295815,-0.13876659,0.0005972279,0.109383024,-0.2817524,-0.59151906,0.29103503,-0.06631943,0.18455936,-0.07168763,-0.41136512,-0.36880404,0.6046958,-0.36350495,0.20336975,1.0392153,-0.35145956,0.77857745,0.44369927,-0.5963879,0.5273086,-0.7015707,0.16361836,0.2254813,0.10027123,-0.22344261,-0.2129612,0.14555201,-0.24152845,-0.13734916,0.028633013,-0.088369265,-0.12522803,0.7287319,0.01322934,0.10348665,0.06945482,-0.60827816,-0.30453435,-0.46762985,0.18025291,0.15677035,-0.5640402,0.41389096,-0.15419097,0.5557508,0.18174665,-0.08569317,0.44761604,-0.13660204,-0.15200943,-0.7404435,-0.09541732,-0.66882855,-0.5332635,0.58646876,0.12168967,-0.40744466,0.122000374,-1.1820769,-0.29030305,-0.8706956,-0.31123593,-0.33969694,-0.17007114,1.0225084,-0.35094357,0.3450387,0.694026,0.17522548,-0.1188157,-0.90111923,-0.91435814
s3://p8ocrbucket/img_cloud/Kumquats/r_5_100.jpg,Kumquats,3.8291075,1.0236733,-4.4688516,3.7368536,3.9216323,0.51286036,2.9427643,1.5103266,-3.2592235,-0.3323977,0.23865369,2.4292226,0.3356205,0.06103857,5.389341,3.7002137,1.4712375,1.7659371,2.43683,3.8871021,2.745822,2.5022917,3.068183,-3.0633807,-2.3292124,-1.8842591,-0.87190837,5.845596,-1.4440948,3.0527837,1.9082311,-0.456106,-3.5350401,0.17085849,0.93052524,3.117037,2.4457147,1.6066852,-1.9299543,-0.11436231,-1.5279057,-1.1115079,0.81922877,-1.1849779,1.6635618,-1.8533058,-0.24675362,1.7679002,-0.93323654,-0.3994496,0.6353847,-0.077648364,0.05739579,0.3625193,-0.054417808,-0.009349777,0.6384661,-0.8242767,0.12932816,0.3597735,-0.11809991,-0.25008404,-0.09103769,0.18284132,0.1908254,0.44295815,-0.13876659,0.0005972279,0.109383024,-0.2817524,-0.59151906,0.29103503,-0.06631943,0.18455936,-0.07168763,-0.41136512,-0.36880404,0.6046958,-0.36350495,0.20336975,1.0392153,-0.35145956,0.77857745,0.44369927,-0.5963879,0.5273086,-0.7015707,0.16361836,0.2254813,0.10027123,-0.22344261,-0.2129612,0.14555201,-0.24152845,-0.13734916,0.028633013,-0.088369265,-0.12522803,0.7287319,0.01322934,0.10348665,0.06945482,-0.60827816,-0.30453435,-0.46762985,0.18025291,0.15677035,-0.5640402,0.41389096,-0.15419097,0.5557508,0.18174665,-0.08569317,0.44761604,-0.13660204,-0.15200943,-0.7404435,-0.09541732,-0.66882855,-0.5332635,0.58646876,0.12168967,-0.40744466,0.122000374,-1.1820769,-0.29030305,-0.8706956,-0.31123593,-0.33969694,-0.17007114,1.0225084,-0.35094357,0.3450387,0.694026,0.17522548,-0.1188157,-0.90111923,-0.91435814
s3://p8ocrbucket/img_cloud/Peach/97_100.jpg,Peach,3.5564268,0.98687315,-3.592801,8.191735,7.9786396,-0.62006885,-3.1407542,1.9391915,-3.5389974,3.6419282,2.9675043,3.6615584,0.81200314,-0.47786343,2.7619536,-0.76400477,-1.8100708,2.6456373,3.2451754,-1.5014551,3.2242875,-1.4038612,1.2050619,-2.526018,-0.09969427,-1.3247603,-2.0872252,0.24165928,0.24045947,2.016851,2.0906122,1.5117832,-0.8966419,-1.2055626,1.4427724,3.133603,2.8523748,1.609079,-1.0555605,1.1969147,-0.4430717,-0.4481465,1.0411936,-3.1340857,-0.14603432,-1.2512099,0.014798948,1.959869,-1.0804653,-0.3994496,0.6353847,-0.077648364,0.05739579,0.3625193,-0.054417808,-0.009349777,0.6384661,-0.8242767,0.12932816,0.3597735,-0.11809991,-0.25008404,-0.09103769,0.18284132,0.1908254,0.44295815,-0.13876659,0.0005972279,0.109383024,-0.2817524,-0.59151906,0.29103503,-0.06631943,0.18455936,-0.07168763,-0.41136512,-0.36880404,0.6046958,-0.36350495,0.20336975,1.0392153,-0.35145956,0.77857745,0.44369927,-0.5963879,0.5273086,-0.7015707,0.16361836,0.2254813,0.10027123,-0.22344261,-0.2129612,0.14555201,-0.24152845,-0.13734916,0.028633013,-0.088369265,-0.12522803,0.7287319,0.01322934,0.10348665,0.06945482,-0.60827816,-0.30453435,-0.46762985,0.18025291,0.15677035,-0.5640402,0.41389096,-0.15419097,0.5557508,0.18174665,-0.08569317,0.44761604,-0.13660204,-0.15200943,-0.7404435,-0.09541732,-0.66882855,-0.5332635,0.58646876,0.12168967,-0.40744466,0.122000374,-1.1820769,-0.29030305,-0.8706956,-0.31123593,-0.33969694,-0.17007114,1.0225084,-0.35094357,0.3450387,0.694026,0.17522548,-0.1188157,-0.90111923,-0.91435814
s3://p8ocrbucket/img_cloud/Apple Golden 3/69_100.jpg,Apple Golden 3,0.657097,4.570629,-5.3012137,6.9041853,-4.3850455,-5.9473515,1.5260422,1.3459184,-1.0576005,0.009343224,1.8085095,3.2524912,1.8176357,-0.5177254,2.3436258,-2.9245238,1.6325083,2.1907287,1.6163566,1.0187945,5.126076,1.3960422,-0.1267234,-1.555682,0.6590218,-0.6605316,0.7618475,2.663232,-0.06434195,1.2386312,0.6595477,0.81884205,-0.46131077,-1.4583933,-0.25901508,4.0578375,2.9314685,-1.2882011,-4.1080437,-0.44314864,0.8062997,-0.59937143,0.09476241,-0.6570975,1.0656453,-2.5294046,-0.573514,1.7551216,-1.1239021,-0.3994496,0.6353847,-0.077648364,0.05739579,0.3625193,-0.054417808,-0.009349777,0.6384661,-0.8242767,0.12932816,0.3597735,-0.11809991,-0.25008404,-0.09103769,0.18284132,0.1908254,0.44295815,-0.13876659,0.0005972279,0.109383024,-0.2817524,-0.59151906,0.29103503,-0.06631943,0.18455936,-0.07168763,-0.41136512,-0.36880404,0.6046958,-0.36350495,0.20336975,1.0392153,-0.35145956,0.77857745,0.44369927,-0.5963879,0.5273086,-0.7015707,0.16361836,0.2254813,0.10027123,-0.22344261,-0.2129612,0.14555201,-0.24152845,-0.13734916,0.028633013,-0.088369265,-0.12522803,0.7287319,0.01322934,0.10348665,0.06945482,-0.60827816,-0.30453435,-0.46762985,0.18025291,0.15677035,-0.5640402,0.41389096,-0.15419097,0.5557508,0.18174665,-0.08569317,0.44761604,-0.13660204,-0.15200943,-0.7404435,-0.09541732,-0.66882855,-0.5332635,0.58646876,0.12168967,-0.40744466,0.122000374,-1.1820769,-0.29030305,-0.8706956,-0.31123593,-0.33969694,-0.17007114,1.0225084,-0.35094357,0.3450387,0.694026,0.17522548,-0.1188157,-0.90111923,-0.91435814
